name,time,rating,source,item,kha_nng_은어전처리_sentence,감성결과,어간추출,sentence_조사제거
꽃피우는시간,2022-09-05,4,coupang,식물영양제,"['다육식물', '영양제', '구매', '다육식물', '애', '영양제', '구매']",부정,"[('다육식물', 'Noun'), ('영', 'Modifier'), ('양제', 'Noun'), ('구매', 'Noun'), ('함', 'Noun'), ('좋다', 'Adjective'), ('믿다', 'Verb'), ('다육식물', 'Noun'), ('애', 'Noun'), ('들', 'Suffix'), ('영양', 'Noun'), ('제로', 'Noun'), ('구매', 'Noun'), ('하다', 'Verb')]",다육식물 영 양제 구매 함 좋다 믿다 다육식물 애 들 영양 제로 구매 하다
꽃피우는시간,2022-09-05,4,coupang,식물영양제,"['찬바람', '환절기', '햇볕', '여름', '보', '추운날', '영양', '운날', '의미', '구매', '은영양', '건강', '바']",부정,"[('찬', 'Noun'), ('바람', 'Noun'), ('이', 'Josa'), ('불다', 'Verb'), ('환절기', 'Noun'), ('가', 'Josa'), ('오니', 'Noun'), ('햇볕', 'Noun'), ('도', 'Josa'), ('여름', 'Noun'), ('보단', 'Josa'), ('덜', 'Noun'), ('맞다', 'Verb'), ('추다', 'Verb'), ('날', 'Noun'), ('을', 'Josa'), ('위해', 'Noun'), ('영양', 'Noun'), ('듬뿍', 'Noun'), ('주어', 'Noun'), ('추다', 'Verb'), ('날다', 'Verb'), ('이기다', 'Verb'), ('의미', 'Noun'), ('로', 'Josa'), ('구매', 'Noun'), ('꼭', 'Noun'), ('좋다', 'Adjective'), ('영양', 'Noun'), ('으로', 'Josa'), ('건강하다', 'Adjective'), ('주다', 'Verb'), ('바', 'Noun'), ('래', 'Josa'), ('보다', 'Verb')]",찬 바람 불다 환절기 오니 햇볕 여름 덜 맞다 추다 날 위해 영양 듬뿍 주어 추다 날다 이기다 의미 구매 꼭 좋다 영양 건강하다 주다 바 보다
꽃피우는시간,2023-02-05,3,coupang,식물영양제,"['농약', '냄새', '편백향', '농약', '냄새']",부정,"[('농약', 'Noun'), ('냄새', 'Noun'), ('편백', 'Noun'), ('향', 'Noun'), ('이라고', 'Josa'), ('적히다', 'Verb'), ('농약', 'Noun'), ('냄새', 'Noun'), ('에', 'Josa'), ('가깝다', 'Adjective'), ('않다', 'Verb')]",농약 냄새 편백 향 적히다 농약 냄새 가깝다 않다
꽃피우는시간,2023-02-05,3,coupang,식물영양제,"['효과', '다음', '사용', '때', '마당가']",부정,"[('효과', 'Noun'), ('는', 'Josa'), ('아직', 'Adverb'), ('모르다', 'Verb'), ('일단', 'Noun'), ('다음', 'Noun'), ('부터', 'Josa'), ('사용', 'Noun'), ('하다', 'Verb'), ('땐', 'Noun'), ('마당', 'Noun'), ('가다', 'Verb'), ('뿌리다', 'Verb'), ('야하다', 'Adjective'), ('거', 'Noun'), ('같다', 'Adjective')]",효과 아직 모르다 일단 다음 사용 하다 땐 마당 가다 뿌리다 야하다 거 같다
꽃피우는시간,2022-04-09,4,coupang,식물영양제,"['효과', '분무']",부정,"[('아직', 'Adverb'), ('효과', 'Noun'), ('는', 'Josa'), ('모르다', 'Verb'), ('3회', 'Number'), ('분무', 'Noun'), ('해보다', 'Verb')]",아직 효과 모르다 3회 분무 해보다
꽃피우는시간,2022-04-09,4,coupang,식물영양제,"['분무', '때', '불편', '향', '한동안', '지속']",부정,"[('그런데', 'Conjunction'), ('분무', 'Noun'), ('하다', 'Verb'), ('때', 'Noun'), ('마다', 'Josa'), ('불편하다', 'Adjective'), ('향', 'Noun'), ('이', 'Josa'), ('한동안', 'Adverb'), ('지속', 'Noun'), ('되다', 'Verb')]",그런데 분무 하다 때 불편하다 향 한동안 지속 되다
꽃피우는시간,2022-04-09,4,coupang,식물영양제,"['무향', '약냄새', '분무']",부정,"[('무향', 'Noun'), ('으로', 'Josa'), ('만들다', 'Verb'), ('주다', 'Verb'), ('좋다', 'Adjective'), ('것', 'Noun'), ('을', 'Josa'), ('약', 'Modifier'), ('냄새', 'Noun'), ('가', 'Josa'), ('두렵다', 'Adjective'), ('분무', 'Noun'), ('를', 'Josa'), ('머뭇거리다', 'Verb'), ('하다', 'Verb')]",무향 만들다 주다 좋다 것 약 냄새 두렵다 분무 머뭇거리다 하다
꽃피우는시간,2022-04-09,4,coupang,식물영양제,"['실내', '아파트', '때', '향', '재구매']",부정,"[('실내', 'Noun'), ('아파트', 'Noun'), ('에서', 'Josa'), ('키우다', 'Verb'), ('때', 'Noun'), ('팍팍', 'Adverb'), ('뿌리다', 'Verb'), ('하다', 'Verb'), ('이런', 'Modifier'), ('향', 'Noun'), ('을', 'Josa'), ('없애다', 'Verb'), ('못', 'VerbPrefix'), ('하다', 'Verb'), ('재다', 'Verb'), ('매다', 'Verb'), ('없다', 'Adjective'), ('듯', 'Noun'), ('하다', 'Verb')]",실내 아파트 키우다 때 팍팍 뿌리다 하다 이런 향 없애다 못 하다 재다 매다 없다 듯 하다
꽃피우는시간,2022-04-09,4,coupang,식물영양제,"['리필', '미', '구매', '농약', '냄새', '나', '바닥', '벽면']",부정,"[('리', 'Noun'), ('필로', 'Noun'), ('만', 'Josa'), ('2000', 'Number'), ('미리', 'Noun'), ('구매', 'Noun'), ('하다', 'Verb'), ('뿌리', 'Noun'), ('고', 'Josa'), ('나다', 'Verb'), ('농약', 'Noun'), ('을', 'Josa'), ('아주', 'Noun'), ('희다', 'Adjective'), ('석', 'Noun'), ('한', 'Josa'), ('냄새', 'Noun'), ('처럼', 'Josa'), ('ㅠㅡㅜ', 'KoreanParticle'), ('나다', 'Verb'), ('보다', 'Verb'), ('바닥', 'Noun'), ('도', 'Josa'), ('찝찝하다', 'Adjective'), ('벽면', 'Noun'), ('도', 'Josa'), ('찝찝하다', 'Adjective'), ('것', 'Noun'), ('도', 'Josa'), ('사실', 'Noun'), ('이다', 'Adjective')]",리 필로 2000 미리 구매 하다 뿌리 나다 농약 아주 희다 석 냄새 ㅠㅡㅜ 나다 보다 바닥 찝찝하다 벽면 찝찝하다 것 사실 이다
꽃피우는시간,2022-04-09,4,coupang,식물영양제,"['벌레', '약', '향', '영양제', '처음', '적응']",부정,"[('여태', 'Noun'), ('벌레', 'Noun'), ('죽이다', 'Verb'), ('약', 'Noun'), ('빼다', 'Verb'), ('이렇다', 'Adjective'), ('향', 'Noun'), ('나', 'Noun'), ('는', 'Josa'), ('영', 'Modifier'), ('양제', 'Noun'), ('는', 'Josa'), ('처음', 'Noun'), ('이라', 'Josa'), ('적응', 'Noun'), ('이', 'Josa'), ('힘드다', 'Adjective')]",여태 벌레 죽이다 약 빼다 이렇다 향 나 영 양제 처음 적응 힘드다
꽃피우는시간,2022-04-27,4,coupang,식물영양제,"['일주일', '잎']",부정,"[('일주일', 'Noun'), ('에', 'Josa'), ('한번', 'Noun'), ('씩', 'Suffix'), ('열심히', 'Adverb'), ('잎', 'Noun'), ('에', 'Josa'), ('뿌리다', 'Verb'), ('있다', 'Adjective')]",일주일 한번 씩 열심히 잎 뿌리다 있다
꽃피우는시간,2022-04-27,4,coupang,식물영양제,"['별변', '제품', '설명', '건강']",부정,"[('아직', 'Adverb'), ('은', 'Noun'), ('별', 'Modifier'), ('변화', 'Noun'), ('가', 'Josa'), ('없다', 'Adjective'), ('제품', 'Noun'), ('설명', 'Noun'), ('대로', 'Josa'), ('건강하다', 'Adjective'), ('잘', 'VerbPrefix'), ('크다', 'Verb'), ('좋다', 'Adjective')]",아직 은 별 변화 없다 제품 설명 건강하다 잘 크다 좋다
꽃피우는시간,2022-04-27,4,coupang,식물영양제,"['문의', '내용', '답변']",부정,"[('그리고', 'Conjunction'), ('문의', 'Noun'), ('한', 'Josa'), ('내용', 'Noun'), ('에', 'Josa'), ('답변', 'Noun'), ('이', 'Josa'), ('빨', 'Noun'), ('라서', 'Josa'), ('넘다', 'Verb'), ('좋다', 'Adjective')]",그리고 문의 내용 답변 빨 넘다 좋다
꽃피우는시간,2022-02-17,4,coupang,식물영양제,"['햇빛', '거실', '식물']",부정,"[('햇빛', 'Noun'), ('못', 'Noun'), ('받다', 'Verb'), ('거실', 'Noun'), ('에', 'Josa'), ('있다', 'Adjective'), ('식물', 'Noun'), ('에', 'Josa'), ('좋다', 'Adjective'), ('다해', 'Noun'), ('서', 'Josa'), ('사다', 'Verb'), ('아직', 'Adverb'), ('은', 'Noun'), ('모르다', 'Verb')]",햇빛 못 받다 거실 있다 식물 좋다 다해 사다 아직 은 모르다
꽃피우는시간,2022-02-17,4,coupang,식물영양제,['사용'],부정,"[('더', 'Noun'), ('사용', 'Noun'), ('하다', 'Verb'), ('보다', 'Verb'), ('알다', 'Verb')]",더 사용 하다 보다 알다
꽃피우는시간,2022-03-16,4,coupang,식물영양제,"['효과', '기대']",부정,"[('쓰다', 'Verb'), ('있다', 'Adjective'), ('효과', 'Noun'), ('가', 'Josa'), ('있다', 'Adjective'), ('기대하다', 'Adjective'), ('있다', 'Adjective')]",쓰다 있다 효과 있다 기대하다 있다
꽃피우는시간,2022-04-19,2,coupang,식물영양제,"['실내', '냄새']",부정,"[('실내', 'Noun'), ('에서', 'Josa'), ('뿌리', 'Noun'), ('기', 'Noun'), ('엔', 'Josa'), ('냄새', 'Noun'), ('가', 'Josa'), ('많이', 'Adverb'), ('나다', 'Verb')]",실내 뿌리 기 냄새 많이 나다
꽃피우는시간,2022-04-19,2,coupang,식물영양제,"['약품', '냄새']",부정,"[('약품', 'Noun'), ('냄새', 'Noun')]",약품 냄새
꽃피우는시간,2023-01-30,3,coupang,식물영양제,"['냄새', '환기']",부정,"[('냄새', 'Noun'), ('가', 'Josa'), ('좀', 'Noun'), ('나서다', 'Verb'), ('환기', 'Noun'), ('시키다', 'Verb'), ('야하다', 'Adjective')]",냄새 좀 나서다 환기 시키다 야하다
꽃피우는시간,2022-04-08,4,coupang,식물영양제,"['본품', 'ㅠ']",부정,"[('한번', 'Noun'), ('치고', 'Josa'), ('나니', 'Noun'), ('본', 'Modifier'), ('품', 'Noun'), ('거의', 'Noun'), ('다', 'Adverb'), ('쓸다', 'Verb'), ('하다', 'Verb'), ('ㅠ', 'KoreanParticle')]",한번 나니 본 품 거의 다 쓸다 하다 ㅠ
꽃피우는시간,2022-04-08,4,coupang,식물영양제,"['화장품', '로션', '냄새']",부정,"[('화장품', 'Noun'), ('로션', 'Noun'), ('냄새', 'Noun'), ('같이', 'Adverb'), ('나다', 'Verb')]",화장품 로션 냄새 같이 나다
꽃피우는시간,2022-04-08,4,coupang,식물영양제,"['살충제', '냄새', '하', '저녁', '쯤', '아침', '상태', '확인']",부정,"[('살충제', 'Noun'), ('냄새', 'Noun'), ('보다', 'Josa'), ('연하', 'Noun'), ('지만', 'Josa'), ('저녁', 'Noun'), ('쯤', 'Noun'), ('뿌리다', 'Verb'), ('놓다', 'Verb'), ('아침', 'Noun'), ('에', 'Josa'), ('상태', 'Noun'), ('를', 'Josa'), ('확인', 'Noun'), ('해', 'Noun'), ('보다', 'Verb')]",살충제 냄새 연하 저녁 쯤 뿌리다 놓다 아침 상태 확인 해 보다
꽃피우는시간,2022-01-28,4,coupang,식물영양제,"['냄새', '양', '시큼', '한약', '식초', '한약', '냄새', '이상꼬', '향']",부정,"[('좋다', 'Adjective'), ('냄새', 'Noun'), ('가', 'Josa'), ('다른', 'Modifier'), ('영', 'Modifier'), ('양제', 'Noun'), ('는', 'Josa'), ('모르다', 'Verb'), ('시', 'Noun'), ('크다', 'Verb'), ('한약', 'Noun'), ('식초', 'Noun'), ('랑', 'Josa'), ('한약', 'Noun'), ('섞이다', 'Verb'), ('냄새', 'Noun'), ('라', 'Josa'), ('하나', 'Noun'), ('그렇다', 'Adjective'), ('이상', 'Noun'), ('꼬리', 'Noun'), ('한', 'Determiner'), ('향', 'Noun'), ('이나', 'Josa'), ('요', 'Noun'), ('ㅠㅜㅜ', 'KoreanParticle')]",좋다 냄새 다른 영 양제 모르다 시 크다 한약 식초 한약 섞이다 냄새 하나 그렇다 이상 꼬리 한 향 요 ㅠㅜㅜ
꽃피우는시간,2022-01-28,4,coupang,식물영양제,"['안방식물', '남편', '대체', '냄', 'ㅜ', '식물정', '향', '이틀간', '속', '유', '야외', '화장실', '길추천']",부정,"[('안방', 'Noun'), ('식물', 'Noun'), ('들', 'Suffix'), ('주', 'Modifier'), ('다가', 'Noun'), ('남편', 'Noun'), ('이', 'Josa'), ('들어오다', 'Verb'), ('대체', 'Noun'), ('이', 'Suffix'), ('게', 'Josa'), ('몬', 'Noun'), ('내다', 'Verb'), ('ㅠㅠㅜ', 'KoreanParticle'), ('6', 'Number'), ('식물', 'Noun'), ('정도', 'Noun'), ('뿌리다', 'Verb'), ('향', 'Noun'), ('이', 'Josa'), ('이틀', 'Noun'), ('간', 'Suffix'), ('지속', 'Noun'), ('되다', 'Verb'), ('혼나다', 'Verb'), ('유', 'Noun'), ('야외', 'Noun'), ('나', 'Josa'), ('화장실', 'Noun'), ('에서', 'Josa'), ('뿌리다', 'Verb'), ('추천', 'Noun'), ('해', 'Noun'), ('요', 'Josa')]",안방 식물 들 주 다가 남편 들어오다 대체 이 몬 내다 ㅠㅠㅜ 6 식물 정도 뿌리다 향 이틀 간 지속 되다 혼나다 유 야외 화장실 뿌리다 추천 해
꽃피우는시간,2022-01-28,4,coupang,식물영양제,"['영양제', '효과', '새순']",부정,"[('여러', 'Modifier'), ('영', 'Modifier'), ('양제', 'Noun'), ('써다', 'Verb'), ('효과', 'Noun'), ('는', 'Josa'), ('모르다', 'Verb'), ('새', 'Modifier'), ('순이', 'Noun'), ('빨리', 'Adverb'), ('올라오다', 'Verb'), ('같다', 'Adjective')]",여러 영 양제 써다 효과 모르다 새 순이 빨리 올라오다 같다
꽃피우는시간,2022-01-28,4,coupang,식물영양제,"['잎', '아이', '이제품', '요분', '사력', '향']",부정,"[('잎', 'Noun'), ('에', 'Josa'), ('뿌리다', 'Verb'), ('아이', 'Noun'), ('들', 'Suffix'), ('은', 'Josa'), ('이', 'Determiner'), ('제품', 'Noun'), ('을', 'Josa'), ('자주', 'Noun'), ('썻', 'Noun'), ('거들다', 'Verb'), ('분사', 'Noun'), ('력', 'Suffix'), ('이', 'Josa'), ('좋다', 'Adjective'), ('굵다', 'Adjective'), ('아쉽다', 'Adjective'), ('향', 'Noun'), ('이', 'Determiner'), ('좀', 'Noun'), ('얕다', 'Adjective'), ('좋다', 'Adjective'), ('같다', 'Adjective')]",잎 뿌리다 아이 들 이 제품 자주 썻 거들다 분사 력 좋다 굵다 아쉽다 향 이 좀 얕다 좋다 같다
꽃피우는시간,2022-01-28,4,coupang,식물영양제,"['식물', '한', 'ㅋ']",부정,"[('식물', 'Noun'), ('이', 'Josa'), ('많다', 'Adjective'), ('벌써', 'Noun'), ('한', 'Determiner'), ('통', 'Noun'), ('다', 'Adverb'), ('써다', 'Verb'), ('ㅋㅋㅋㅠㅠㅜ', 'KoreanParticle')]",식물 많다 벌써 한 통 다 써다 ㅋㅋㅋㅠㅠㅜ
꽃피우는시간,2023-03-08,4,coupang,식물영양제,"['겨울', '바깥', '화분', '거실', '엄마', '잎', '기', '영양제', '필요']",부정,"[('겨울', 'Noun'), ('이라', 'Josa'), ('바깥', 'Noun'), ('에', 'Josa'), ('있다', 'Adjective'), ('화분', 'Noun'), ('들', 'Suffix'), ('을', 'Josa'), ('거실', 'Noun'), ('로', 'Josa'), ('들이다', 'Verb'), ('엄마', 'Noun'), ('가', 'Josa'), ('잎', 'Noun'), ('에', 'Josa'), ('뿌리다', 'Verb'), ('윤기', 'Noun'), ('도', 'Josa'), ('나다', 'Verb'), ('영', 'Modifier'), ('양제', 'Noun'), ('가', 'Josa'), ('필요하다', 'Adjective')]",겨울 바깥 있다 화분 들 거실 들이다 엄마 잎 뿌리다 윤기 나다 영 양제 필요하다
꽃피우는시간,2023-03-08,4,coupang,식물영양제,"['셔', '검색']",부정,"[('셔', 'Noun'), ('서', 'Josa'), ('검색', 'Noun'), ('하다', 'Verb'), ('사다', 'Verb'), ('드리다', 'Verb')]",셔 검색 하다 사다 드리다
꽃피우는시간,2023-03-08,4,coupang,식물영양제,"['향', '독특', '목초액', '향']",부정,"[('향', 'Noun'), ('이', 'Josa'), ('독특하다', 'Adjective'), ('목초액', 'Noun'), ('향', 'Noun'), ('인가', 'Josa'), ('보다', 'Verb')]",향 독특하다 목초액 향 보다
꽃피우는시간,2023-03-08,4,coupang,식물영양제,"['화분', '원인', '불명', '시작', '효과']",부정,"[('화분', 'Noun'), ('세', 'Noun'), ('개', 'Noun'), ('가', 'Josa'), ('원인', 'Noun'), ('불명', 'Noun'), ('으로', 'Josa'), ('죽다', 'Verb'), ('시작', 'Noun'), ('하다', 'Verb'), ('겁나다', 'Verb'), ('못', 'Noun'), ('뿌리', 'Noun'), ('고', 'Josa'), ('있다', 'Adjective'), ('사실', 'Noun'), ('효과', 'Noun'), ('는', 'Josa'), ('자다', 'Verb'), ('모르다', 'Verb')]",화분 세 개 원인 불명 죽다 시작 하다 겁나다 못 뿌리 있다 사실 효과 자다 모르다
꽃피우는시간,2023-03-05,4,coupang,식물영양제,"['태양등', '고민', '구매']",부정,"[('태양', 'Noun'), ('등', 'Noun'), ('을', 'Josa'), ('사다', 'Verb'), ('하나', 'Noun'), ('말다', 'Verb'), ('고민', 'Noun'), ('하다', 'Verb'), ('구매', 'Noun'), ('하다', 'Verb')]",태양 등 사다 하나 말다 고민 하다 구매 하다
꽃피우는시간,2023-03-05,4,coupang,식물영양제,"['남향', '집', '서향집', '빛', '아이', '구매', '난관']",부정,"[('남향', 'Noun'), ('집', 'Noun'), ('에', 'Josa'), ('살다', 'Verb'), ('서향', 'Noun'), ('집', 'Noun'), ('이라', 'Josa'), ('넉넉하다', 'Adjective'), ('빛', 'Noun'), ('도', 'Josa'), ('못', 'VerbPrefix'), ('받다', 'Verb'), ('아이', 'Noun'), ('들', 'Suffix'), ('을', 'Josa'), ('위해', 'Noun'), ('과', 'Noun'), ('감히', 'Noun'), ('구매', 'Noun'), ('하다', 'Verb'), ('이렇다', 'Adjective'), ('난관', 'Noun'), ('도', 'Josa'), ('있다', 'Adjective')]",남향 집 살다 서향 집 넉넉하다 빛 못 받다 아이 들 위해 과 감히 구매 하다 이렇다 난관 있다
꽃피우는시간,2023-03-05,4,coupang,식물영양제,"['물방울', '방수', '잎사귀', '효과']",부정,"[('물방울', 'Noun'), ('이', 'Josa'), ('구르다', 'Verb'), ('다니다', 'Verb'), ('방수', 'Noun'), ('잎사귀', 'Noun'), ('들', 'Suffix'), ('은', 'Josa'), ('효과', 'Noun'), ('가', 'Josa'), ('없다', 'Adjective'), ('싶다', 'Verb')]",물방울 구르다 다니다 방수 잎사귀 들 효과 없다 싶다
꽃피우는시간,2023-03-05,4,coupang,식물영양제,"['나머지', '식재', '효과']",부정,"[('나머지', 'Noun'), ('식다', 'Verb'), ('들다', 'Verb'), ('효과', 'Noun'), ('가', 'Josa'), ('있다', 'Adjective'), ('같다', 'Adjective'), ('아마도', 'Adverb')]",나머지 식다 들다 효과 있다 같다 아마도
꽃피우는시간,2023-01-18,3,coupang,식물영양제,"['음', '목초액', '냄시', '크', '냄새', '실내', '사용', '비추실', '사', '용후기', '잎', '분무', '잎', '조심', '물', '주고', '위', '설명서', '물대신', '개인', '소견', 'ㅡ']",부정,"[('음', 'Noun'), ('그럭저럭', 'Adverb'), ('요', 'Noun'), ('목초액', 'Noun'), ('이군', 'Noun'), ('요', 'Josa'), ('내다', 'Verb'), ('크다', 'Verb'), ('냄새', 'Noun'), ('에', 'Josa'), ('민감하다', 'Adjective'), ('실내', 'Noun'), ('사용', 'Noun'), ('은', 'Josa'), ('비추다', 'Verb'), ('사용', 'Noun'), ('후기', 'Noun'), ('너무', 'Adverb'), ('많이', 'Adverb'), ('뿌리', 'Noun'), ('면', 'Josa'), ('잎', 'Noun'), ('이', 'Josa'), ('말르다', 'Adjective'), ('죽다', 'Verb'), ('한번', 'Noun'), ('씩', 'Suffix'), ('만', 'Josa'), ('분무잎', 'Noun'), ('이', 'Josa'), ('서로', 'Noun'), ('겹', 'Noun'), ('치다', 'Verb'), ('겹', 'Noun'), ('친부', 'Noun'), ('분', 'Suffix'), ('썪으', 'Noun'), ('니까', 'Josa'), ('조심', 'Noun'), ('물', 'Noun'), ('을', 'Josa'), ('한번', 'Noun'), ('주다', 'Verb'), ('그', 'Determiner'), ('위', 'Noun'), ('에', 'Josa'), ('한번', 'Noun'), ('뿌리다', 'Verb'), ('좋다', 'Adjective'), ('듯', 'Noun'), ('설명', 'Noun'), ('서다', 'Verb'), ('물', 'Noun'), ('대신', 'Noun'), ('주', 'Noun'), ('라고', 'Josa'), ('되어다', 'Verb'), ('내', 'Noun'), ('개인', 'Noun'), ('적', 'Suffix'), ('소견', 'Noun'), ('으로는', 'Josa'), ('그렇다', 'Adjective'), ('죽다', 'Verb'), ('ㅡㅡ', 'KoreanParticle')]",음 그럭저럭 요 목초액 이군 내다 크다 냄새 민감하다 실내 사용 비추다 사용 후기 너무 많이 뿌리 잎 말르다 죽다 한번 씩 분무잎 서로 겹 치다 겹 친부 분 썪으 조심 물 한번 주다 그 위 한번 뿌리다 좋다 듯 설명 서다 물 대신 주 되어다 내 개인 적 소견 그렇다 죽다 ㅡㅡ
꽃피우는시간,2023-02-06,4,coupang,식물영양제,"['냄새', '목초', '냄새가']",부정,"[('냄새', 'Noun'), ('는', 'Josa'), ('목초', 'Noun'), ('냄새', 'Noun'), ('가나', 'Noun'), ('요', 'Josa')]",냄새 목초 냄새 가나
꽃피우는시간,2023-02-06,4,coupang,식물영양제,"['요즘', '환기', '화분']",부정,"[('춥다', 'Adjective'), ('요즘', 'Noun'), ('환기', 'Noun'), ('도', 'Josa'), ('자다', 'Verb'), ('못', 'VerbPrefix'), ('하다', 'Verb'), ('보다', 'Verb'), ('화분', 'Noun'), ('에도', 'Josa'), ('안좋다', 'Adjective'), ('같다', 'Adjective'), ('뿌리다', 'Verb'), ('있다', 'Adjective')]",춥다 요즘 환기 자다 못 하다 보다 화분 안좋다 같다 뿌리다 있다
꽃피우는시간,2022-04-16,4,coupang,식물영양제,"['효과', '오늘', '큰화분']",부정,"[('일단', 'Noun'), ('효과', 'Noun'), ('있다', 'Adjective'), ('지켜보다', 'Verb'), ('알다', 'Verb'), ('오늘', 'Noun'), ('바로', 'Noun'), ('크다', 'Verb'), ('화분', 'Noun'), ('7', 'Number'), ('개', 'Noun'), ('뿌리다', 'Verb'), ('보다', 'Verb'), ('500', 'Number'), ('mm', 'Alpha'), ('한', 'Determiner'), ('통', 'Noun'), ('다', 'Adverb'), ('들어가다', 'Verb')]",일단 효과 있다 지켜보다 알다 오늘 바로 크다 화분 7 개 뿌리다 보다 500 mm 한 통 다 들어가다
꽃피우는시간,2022-04-16,4,coupang,식물영양제,"['싼가격', '효과']",부정,"[('싸다', 'Verb'), ('가격', 'Noun'), ('도', 'Josa'), ('아니다', 'Adjective'), ('효과', 'Noun'), ('가', 'Josa'), ('있다', 'Adjective'), ('좋다', 'Adjective')]",싸다 가격 아니다 효과 있다 좋다
꽃피우는시간,2022-04-16,4,coupang,식물영양제,"['냄새', '환기']",부정,"[('냄새', 'Noun'), ('는', 'Josa'), ('독하다', 'Adjective'), ('않다', 'Verb'), ('그래도', 'Adverb'), ('많이', 'Adverb'), ('나', 'Noun'), ('니까', 'Josa'), ('꼭', 'Noun'), ('환기', 'Noun'), ('시키다', 'Verb'), ('뿌리다', 'Verb'), ('야하다', 'Adjective')]",냄새 독하다 않다 그래도 많이 나 꼭 환기 시키다 뿌리다 야하다
꽃피우는시간,2022-04-16,4,coupang,식물영양제,['효과'],부정,"[('자켜', 'Noun'), ('보다', 'Josa'), ('효과', 'Noun'), ('있다', 'Adjective')]",자켜 효과 있다
꽃피우는시간,2022-04-16,4,coupang,식물영양제,['리뷰'],부정,"[('다시', 'Noun'), ('리뷰', 'Noun'), ('남다', 'Verb')]",다시 리뷰 남다
꽃피우는시간,2022-08-18,2,coupang,식물영양제,"['분무기', '안개분사', '스트레이트', '제품', '손실', '큽']",부정,"[('일단', 'Noun'), ('분무기', 'Noun'), ('가', 'Josa'), ('안개', 'Noun'), ('분', 'Suffix'), ('사형', 'Noun'), ('이', 'Josa'), ('아니다', 'Adjective'), ('스트레이트', 'Noun'), ('로', 'Josa'), ('쏘다', 'Verb'), ('고르다', 'Verb'), ('뿌리다', 'Verb'), ('어렵다', 'Adjective'), ('그로', 'Noun'), ('인하다', 'Adjective'), ('여러', 'Modifier'), ('번', 'Noun'), ('뿌리다', 'Verb'), ('하니', 'Noun'), ('제품', 'Noun'), ('손실', 'Noun'), ('이', 'Josa'), ('크다', 'Verb')]",일단 분무기 안개 분 사형 아니다 스트레이트 쏘다 고르다 뿌리다 어렵다 그로 인하다 여러 번 뿌리다 하니 제품 손실 크다
꽃피우는시간,2022-08-18,2,coupang,식물영양제,['냄새'],부정,"[('냄새', 'Noun'), ('도', 'Josa'), ('많이', 'Adverb'), ('나다', 'Verb'), ('지릿', 'Noun')]",냄새 많이 나다 지릿
꽃피우는시간,2022-08-18,2,coupang,식물영양제,['목'],부정,"[('하다', 'Verb'), ('오래', 'Adverb'), ('남아', 'Noun'), ('서', 'Josa'), ('불쾌하다', 'Adjective'), ('목도', 'Noun'), ('아프다', 'Adjective')]",하다 오래 남아 불쾌하다 목도 아프다
꽃피우는시간,2022-08-18,2,coupang,식물영양제,"['오', '효과', '말', '드', '효과', '재구매']",부정,"[('오늘', 'Noun'), ('뿌리다', 'Verb'), ('효과', 'Noun'), ('를', 'Josa'), ('말', 'Noun'), ('하다', 'Verb'), ('수', 'Noun'), ('없다', 'Adjective'), ('드라마틱하다', 'Adjective'), ('효과', 'Noun'), ('가', 'Josa'), ('있다', 'Adjective'), ('해도', 'Noun'), ('재다', 'Verb'), ('매다', 'Verb'), ('안', 'Noun'), ('하다', 'Verb')]",오늘 뿌리다 효과 말 하다 수 없다 드라마틱하다 효과 있다 해도 재다 매다 안 하다
꽃피우는시간,2022-06-03,4,coupang,식물영양제,"['사용', '며칠', '잎']",부정,"[('좋다', 'Adjective'), ('하니', 'Noun'), ('사용', 'Noun'), ('하다', 'Verb'), ('뿐', 'Noun'), ('며칠', 'Noun'), ('만에', 'Josa'), ('잎', 'Noun'), ('이', 'Josa'), ('두껍다', 'Adjective'), ('전', 'Noun'), ('모르다', 'Verb')]",좋다 하니 사용 하다 뿐 며칠 잎 두껍다 전 모르다
꽃피우는시간,2022-06-03,4,coupang,식물영양제,['사용'],부정,"[('좋다', 'Adjective'), ('믿다', 'Verb'), ('사용', 'Noun'), ('하다', 'Verb'), ('뿐이다', 'Adjective')]",좋다 믿다 사용 하다 뿐이다
꽃피우는시간,2022-06-03,4,coupang,식물영양제,"['눈', '변화', '이상', '사용', '리뷰']",부정,"[('아직', 'Adverb'), ('눈', 'Noun'), ('에', 'Josa'), ('띄다', 'Verb'), ('변화', 'Noun'), ('가', 'Josa'), ('없다', 'Adjective'), ('나', 'Noun'), ('만', 'Josa'), ('이상하다', 'Adjective'), ('조금', 'Noun'), ('더', 'Noun'), ('사용', 'Noun'), ('해보다', 'Verb'), ('리뷰', 'Noun'), ('올리다', 'Verb')]",아직 눈 띄다 변화 없다 나 이상하다 조금 더 사용 해보다 리뷰 올리다
꽃피우는시간,2022-06-03,4,coupang,식물영양제,['가격'],부정,"[('가격', 'Noun'), ('은', 'Josa'), ('세다', 'Verb'), ('것', 'Noun'), ('같다', 'Adjective')]",가격 세다 것 같다
꽃피우는시간,2022-11-09,3,coupang,식물영양제,"['사용', '성장', '여부']",부정,"[('사용', 'Noun'), ('한지', 'Noun'), ('약', 'Noun'), ('5일', 'Number'), ('돼다', 'Verb'), ('아직', 'Adverb'), ('은', 'Noun'), ('성장', 'Noun'), ('여부', 'Noun'), ('를', 'Josa'), ('자다', 'Verb'), ('모르다', 'Verb')]",사용 한지 약 5일 돼다 아직 은 성장 여부 자다 모르다
꽃피우는시간,2022-04-14,4,coupang,식물영양제,"['냄새', 'ㅠㅜ']",부정,"[('냄새', 'Noun'), ('가', 'Josa'), ('진해', 'Noun'), ('요', 'Josa'), ('ㅠㅜ', 'KoreanParticle')]",냄새 진해 ㅠㅜ
꽃피우는시간,2022-04-14,4,coupang,식물영양제,"['초', '냄새', '머리', '아', 'ㅠ']",부정,"[('화초', 'Noun'), ('들', 'Suffix'), ('한테', 'Josa'), ('뿌리', 'Noun'), ('면', 'Josa'), ('살아나다', 'Verb'), ('같다', 'Adjective'), ('보이다', 'Verb'), ('좋다', 'Adjective'), ('기다', 'Verb'), ('하지만', 'Conjunction'), ('냄새', 'Noun'), ('가', 'Josa'), ('진하다', 'Adjective'), ('머리', 'Noun'), ('가', 'Josa'), ('아프다', 'Adjective'), ('ㅠㅜ', 'KoreanParticle')]",화초 들 뿌리 살아나다 같다 보이다 좋다 기다 하지만 냄새 진하다 머리 아프다 ㅠㅜ
꽃피우는시간,2022-04-14,4,coupang,식물영양제,"['초', '햇빛', '사람', '아플거']",부정,"[('화초', 'Noun'), ('들', 'Suffix'), ('한테', 'Josa'), ('햇빛', 'Noun'), ('주다', 'Verb'), ('사람', 'Noun'), ('이', 'Josa'), ('먼저', 'Noun'), ('아프다', 'Adjective'), ('같다', 'Adjective'), ('ㅠㅜ', 'KoreanParticle')]",화초 들 햇빛 주다 사람 먼저 아프다 같다 ㅠㅜ
꽃피우는시간,2022-04-14,4,coupang,식물영양제,"['향', '추']",부정,"[('향', 'Noun'), ('에', 'Josa'), ('민감하다', 'Adjective'), ('분', 'Noun'), ('들', 'Suffix'), ('은', 'Josa'), ('비추다', 'Verb'), ('이다', 'Adjective')]",향 민감하다 분 들 비추다 이다
꽃피우는시간,2022-09-27,4,coupang,식물영양제,"['분무', '후딱']",부정,"[('좋다', 'Adjective'), ('다해', 'Noun'), ('서', 'Josa'), ('사다', 'Verb'), ('넘다', 'Verb'), ('헤퍼', 'Noun'), ('요', 'Josa'), ('분', 'Noun'), ('무형', 'Noun'), ('500', 'Number'), ('이', 'Noun'), ('후', 'Noun'), ('딱이다', 'Adjective')]",좋다 다해 사다 넘다 헤퍼 분 무형 500 이 후 딱이다
꽃피우는시간,2022-04-05,4,coupang,식물영양제,"['문', '해']",부정,"[('지', 'Modifier'), ('금주', 'Noun'), ('문해', 'Noun'), ('성', 'Suffix'), ('써다', 'Verb'), ('보다', 'Verb'), ('중이', 'Noun'), ('라', 'Josa'), ('아직', 'Adverb'), ('은', 'Noun'), ('잘', 'VerbPrefix'), ('모르다', 'Verb')]",지 금주 문해 성 써다 보다 중이 아직 은 잘 모르다
꽃피우는시간,2022-04-05,4,coupang,식물영양제,[],부정,"[('좀더', 'Noun'), ('써다', 'Verb'), ('보고', 'Noun'), ('요', 'Josa')]",좀더 써다 보고
꽃피우는시간,2023-04-08,3,coupang,식물영양제,[],부정,"[('적당하다', 'Adjective')]",적당하다
꽃피우는시간,2022-11-06,4,coupang,식물영양제,['잎'],부정,"[('한번', 'Noun'), ('잎', 'Noun'), ('에', 'Josa'), ('뿌리다', 'Verb'), ('쥤', 'Noun'), ('늘다', 'Verb'), ('몇', 'Modifier'), ('일', 'Noun'), ('두다', 'Verb'), ('보다', 'Verb')]",한번 잎 뿌리다 쥤 늘다 몇 일 두다 보다
꽃피우는시간,2022-04-06,3,coupang,식물영양제,"['냄새', '장난', '아']",부정,"[('냄새', 'Noun'), ('가', 'Josa'), ('장난', 'Noun'), ('이', 'Josa'), ('아니다', 'Adjective')]",냄새 장난 아니다
꽃피우는시간,2022-04-06,3,coupang,식물영양제,"['숯불', '그스름냄새', '목', '매캐']",부정,"[('숯불', 'Noun'), ('그', 'Determiner'), ('스름', 'Noun'), ('냄새', 'Noun'), ('목', 'Noun'), ('이', 'Josa'), ('매', 'Modifier'), ('캐', 'Noun')]",숯불 그 스름 냄새 목 매 캐
꽃피우는시간,2022-04-24,3,coupang,식물영양제,"['영양제', '비교', '냄새']",부정,"[('다른', 'Noun'), ('영', 'Modifier'), ('양제', 'Noun'), ('에', 'Josa'), ('비교', 'Noun'), ('하다', 'Verb'), ('냄새', 'Noun'), ('가', 'Josa'), ('좀', 'Noun'), ('나다', 'Verb')]",다른 영 양제 비교 하다 냄새 좀 나다
꽃피우는시간,2022-04-24,3,coupang,식물영양제,"['식물', '분사', '때', '문']",부정,"[('식물', 'Noun'), ('에', 'Josa'), ('분사', 'Noun'), ('하다', 'Verb'), ('땐', 'Noun'), ('꼭', 'Noun'), ('문', 'Noun'), ('을', 'Josa'), ('열다', 'Verb'), ('하다', 'Verb')]",식물 분사 하다 땐 꼭 문 열다 하다
꽃피우는시간,2022-04-24,3,coupang,식물영양제,"['머리', '아픔']",부정,"[('머리', 'Noun'), ('가', 'Josa'), ('조금', 'Noun'), ('아픔', 'Noun')]",머리 조금 아픔
꽃피우는시간,2023-02-07,3,coupang,식물영양제,"['향', '실내', '사용', '부담']",부정,"[('향', 'Noun'), ('이', 'Josa'), ('너무', 'Adverb'), ('진하다', 'Adjective'), ('실내', 'Noun'), ('에서', 'Josa'), ('사용', 'Noun'), ('하다', 'Verb'), ('부담스럽다', 'Adjective'), ('움', 'Noun')]",향 너무 진하다 실내 사용 하다 부담스럽다 움
꽃피우는시간,2022-08-23,4,coupang,식물영양제,"['분', '형태', '사용', '성분']",부정,"[('분무', 'Noun'), ('형태', 'Noun'), ('라', 'Josa'), ('사용', 'Noun'), ('하다', 'Verb'), ('편하다', 'Adjective'), ('성분', 'Noun'), ('도', 'Josa'), ('좋다', 'Adjective'), ('것', 'Noun'), ('같다', 'Adjective')]",분무 형태 사용 하다 편하다 성분 좋다 것 같다
꽃피우는시간,2022-04-08,2,coupang,식물영양제,['알수가'],부정,"[('알다', 'Verb'), ('없다', 'Adjective')]",알다 없다
꽃피우는시간,2022-04-08,2,coupang,식물영양제,['효가'],부정,"[('효가', 'Noun'), ('를', 'Josa'), ('느끼다', 'Verb'), ('없다', 'Adjective')]",효가 느끼다 없다
꽃피우는시간,2023-01-04,4,coupang,식물영양제,"['스프레이', '뚜껑', '상태', '배달', '스프레이', '상태', '배달', '개봉', '박스', '용액', '소실', '상태', '반품', '번']",부정,"[('스프레이', 'Noun'), ('가', 'Josa'), ('뚜껑', 'Noun'), ('이', 'Josa'), ('살짝', 'Noun'), ('열리다', 'Verb'), ('상태', 'Noun'), ('로', 'Josa'), ('배달', 'Noun'), ('이', 'Josa'), ('되어다', 'Verb'), ('박', 'Noun'), ('스프레이', 'Noun'), ('가', 'Josa'), ('살짝', 'Noun'), ('열리다', 'Verb'), ('상태', 'Noun'), ('로', 'Josa'), ('배달', 'Noun'), ('이', 'Josa'), ('되다', 'Verb'), ('개봉', 'Noun'), ('하다', 'Verb'), ('보다', 'Verb'), ('박스', 'Noun'), ('가', 'Josa'), ('다', 'Adverb'), ('젖다', 'Verb'), ('용액', 'Noun'), ('도', 'Josa'), ('많이', 'Adverb'), ('소실', 'Noun'), ('되다', 'Verb'), ('상태', 'Noun'), ('여서', 'Josa'), ('반품', 'Noun'), ('하다', 'Verb'), ('번거롭다', 'Adjective'), ('그냥', 'Noun'), ('쓰기', 'Noun'), ('로', 'Josa'), ('하다', 'Verb')]",스프레이 뚜껑 살짝 열리다 상태 배달 되어다 박 스프레이 살짝 열리다 상태 배달 되다 개봉 하다 보다 박스 다 젖다 용액 많이 소실 되다 상태 반품 하다 번거롭다 그냥 쓰기 하다
꽃피우는시간,2023-01-04,4,coupang,식물영양제,"['햇빛', '아이', '잎', '주문']",부정,"[('햇빛', 'Noun'), ('못', 'Noun'), ('보다', 'Verb'), ('아이', 'Noun'), ('들', 'Suffix'), ('이', 'Josa'), ('잎', 'Noun'), ('이', 'Josa'), ('뚝뚝', 'Noun'), ('떨어지다', 'Verb'), ('주문', 'Noun'), ('하다', 'Verb'), ('아직', 'Adverb'), ('까진', 'Josa'), ('자다', 'Verb'), ('모르다', 'Verb')]",햇빛 못 보다 아이 들 잎 뚝뚝 떨어지다 주문 하다 아직 자다 모르다
꽃피우는시간,2023-01-04,4,coupang,식물영양제,['사용'],부정,"[('더', 'Noun'), ('사용', 'Noun'), ('해보다', 'Verb'), ('되다', 'Verb'), ('같다', 'Adjective')]",더 사용 해보다 되다 같다
꽃피우는시간,2022-12-04,3,coupang,식물영양제,"['거', '효과', '웃자람', '가격대', '민중']",부정,"[('한', 'Determiner'), ('통', 'Noun'), ('거의', 'Noun'), ('다', 'Adverb'), ('써다', 'Verb'), ('효과', 'Noun'), ('라고', 'Josa'), ('볼', 'Noun'), ('지는', 'Josa'), ('애매하다', 'Adjective'), ('웃다', 'Verb'), ('이', 'Determiner'), ('덜하다', 'Adjective'), ('하다', 'Verb'), ('그렇지만', 'Conjunction'), ('가격', 'Noun'), ('대가', 'Noun'), ('높다', 'Adjective'), ('놓다', 'Verb'), ('서다', 'Verb'), ('사다', 'Verb'), ('하다', 'Verb'), ('고민', 'Noun'), ('중', 'Suffix')]",한 통 거의 다 써다 효과 볼 애매하다 웃다 이 덜하다 하다 그렇지만 가격 대가 높다 놓다 서다 사다 하다 고민 중
꽃피우는시간,2022-04-19,4,naver,식물영양제,"['오랫동안', '영양제', '비료', '식물', '소홀', '상태', '로', '미안', '마음', '분무']",부정,"[('오랫동안', 'Adverb'), ('영양', 'Noun'), ('제나', 'Noun'), ('비료', 'Noun'), ('를', 'Josa'), ('주지', 'Noun'), ('않다', 'Verb'), ('식물', 'Noun'), ('을', 'Josa'), ('키우다', 'Verb'), ('너무', 'Adverb'), ('소홀하다', 'Adjective'), ('상태', 'Noun'), ('가', 'Josa'), ('별로', 'Noun'), ('라', 'Josa'), ('미안하다', 'Adjective'), ('마음', 'Noun'), ('에', 'Josa'), ('모처럼', 'Noun'), ('분무', 'Noun'), ('해주다', 'Verb')]",오랫동안 영양 제나 비료 주지 않다 식물 키우다 너무 소홀하다 상태 별로 미안하다 마음 모처럼 분무 해주다
꽃피우는시간,2022-03-29,4,naver,식물영양제,['용량'],부정,"[('써다', 'Verb'), ('보다', 'Verb'), ('알', 'Noun'), ('것', 'Noun'), ('같다', 'Adjective'), ('하지만', 'Conjunction'), ('일단', 'Noun'), ('용량', 'Noun'), ('이', 'Josa'), ('많다', 'Adjective'), ('좋다', 'Adjective')]",써다 보다 알 것 같다 하지만 일단 용량 많다 좋다
꽃피우는시간,2022-03-28,4,naver,식물영양제,"['사용', '효과', '달후', '영양제', '냄새']",부정,"[('우선', 'Noun'), ('사용', 'Noun'), ('해봤다', 'Verb'), ('효과', 'Noun'), ('는', 'Josa'), ('한', 'Determiner'), ('달후', 'Noun'), ('남다', 'Verb'), ('뿌리다', 'Verb'), ('영', 'Modifier'), ('양제', 'Noun'), ('냄새', 'Noun'), ('가', 'Josa'), ('좀', 'Noun'), ('나다', 'Verb')]",우선 사용 해봤다 효과 한 달후 남다 뿌리다 영 양제 냄새 좀 나다
꽃피우는시간,2022-03-28,4,naver,식물영양제,['참고'],부정,"[('참고', 'Noun'), ('하다', 'Verb')]",참고 하다
꽃피우는시간,2022-03-18,4,naver,식물영양제,"['화초잎', '분사', '오늘']",부정,"[('좋다', 'Adjective'), ('요', 'Noun'), ('화초', 'Noun'), ('잎', 'Noun'), ('에', 'Josa'), ('분사', 'Noun'), ('해주다', 'Verb'), ('오늘', 'Noun'), ('보다', 'Verb'), ('싱싱하다', 'Adjective')]",좋다 요 화초 잎 분사 해주다 오늘 보다 싱싱하다
꽃피우는시간,2023-04-06,3,naver,식물영양제,['화초'],부정,"[('화초', 'Noun'), ('가', 'Josa'), ('싱싱하다', 'Adjective'), ('아직', 'Adverb'), ('자다', 'Verb'), ('모르다', 'Verb')]",화초 싱싱하다 아직 자다 모르다
꽃피우는시간,2023-04-03,4,naver,식물영양제,"['식물', '말', '애', '영양']",부정,"[('식물', 'Noun'), ('은', 'Josa'), ('말', 'Noun'), ('이', 'Josa'), ('없다', 'Adjective'), ('걍', 'Adverb'), ('애', 'Noun'), ('들', 'Suffix'), ('을', 'Josa'), ('바라보다', 'Verb'), ('영양', 'Noun'), ('이라', 'Josa'), ('주다', 'Verb'), ('좋다', 'Adjective')]",식물 말 없다 걍 애 들 바라보다 영양 주다 좋다
꽃피우는시간,2023-03-30,4,naver,식물영양제,['믿음'],부정,"[('아직', 'Adverb'), ('은', 'Noun'), ('자다', 'Verb'), ('모르다', 'Verb'), ('먀', 'Noun'), ('튼튼하다', 'Adjective'), ('거', 'Noun'), ('라는', 'Josa'), ('믿음', 'Noun'), ('으로', 'Josa'), ('열심히', 'Adverb'), ('주다', 'Verb'), ('있다', 'Adjective')]",아직 은 자다 모르다 먀 튼튼하다 거 믿음 열심히 주다 있다
꽃피우는시간,2023-03-30,4,naver,식물영양제,['별탈'],부정,"[('별탈', 'Noun'), ('없이', 'Adverb'), ('쑥쑥', 'Adverb'), ('자라', 'Noun'), ('니까', 'Josa'), ('좋다', 'Adjective'), ('거', 'Noun'), ('겠다', 'Verb')]",별탈 없이 쑥쑥 자라 좋다 거 겠다
꽃피우는시간,2023-03-29,4,naver,식물영양제,"['평', '기대', '구매']",부정,"[('평이', 'Noun'), ('좋다', 'Adjective'), ('기대하다', 'Adjective'), ('구매', 'Noun'), ('하다', 'Verb')]",평이 좋다 기대하다 구매 하다
꽃피우는시간,2023-03-29,4,naver,식물영양제,"['화분', '기대', '분무']",부정,"[('오다', 'Verb'), ('화분', 'Noun'), ('들', 'Suffix'), ('에게', 'Josa'), ('부풀다', 'Verb'), ('기대', 'Noun'), ('를', 'Josa'), ('가득', 'Noun'), ('안고', 'Noun'), ('분무해', 'Noun'), ('주다', 'Verb')]",오다 화분 들 부풀다 기대 가득 안고 분무해 주다
꽃피우는시간,2023-03-29,4,naver,식물영양제,"['숯가마', '찜질방', '냄새']",부정,"[('숯', 'Noun'), ('가마', 'Noun'), ('찜질방', 'Noun'), ('냄새', 'Noun'), ('가', 'Josa'), ('나다', 'Verb')]",숯 가마 찜질방 냄새 나다
꽃피우는시간,2023-03-29,4,naver,식물영양제,"['건강', '냄새', '식물', '건강']",부정,"[('건강하다', 'Adjective'), ('냄새', 'Noun'), ('가', 'Josa'), ('식물', 'Noun'), ('들', 'Suffix'), ('도', 'Josa'), ('건강하다', 'Adjective'), ('해', 'Noun'), ('주다', 'Verb'), ('것', 'Noun'), ('같다', 'Adjective')]",건강하다 냄새 식물 들 건강하다 해 주다 것 같다
꽃피우는시간,2023-03-29,4,naver,식물영양제,['단점'],부정,"[('단점', 'Noun'), ('이', 'Josa'), ('있다', 'Adjective')]",단점 있다
꽃피우는시간,2023-03-29,4,naver,식물영양제,"['분무', '해퍼']",부정,"[('다', 'Adverb'), ('뿌리', 'Noun'), ('고', 'Josa'), ('나니', 'Noun'), ('분', 'Noun'), ('무형', 'Noun'), ('이라', 'Josa'), ('하다', 'Verb'), ('ㅜㅜ', 'KoreanParticle')]",다 뿌리 나니 분 무형 하다 ㅜㅜ
꽃피우는시간,2023-03-29,4,naver,식물영양제,"['여기저기', '화분', '골', '분무기', '반절']",부정,"[('여기저기', 'Noun'), ('화분', 'Noun'), ('들', 'Suffix'), ('에게', 'Josa'), ('골다', 'Verb'), ('주다', 'Verb'), ('분무기', 'Noun'), ('반절', 'Noun'), ('이나', 'Josa'), ('써다', 'Verb'), ('ㅜㅜ', 'KoreanParticle')]",여기저기 화분 들 골다 주다 분무기 반절 써다 ㅜㅜ
꽃피우는시간,2023-03-29,4,naver,식물영양제,"['다음', '원액', '구매']",부정,"[('다음', 'Noun'), ('에', 'Josa'), ('또', 'Noun'), ('산다', 'Noun'), ('면', 'Josa'), ('원', 'Modifier'), ('액', 'Noun'), ('을', 'Josa'), ('구매', 'Noun'), ('하다', 'Verb')]",다음 또 산다 원 액 구매 하다
꽃피우는시간,2023-03-28,4,naver,식물영양제,"['햇볕', '소리', '제라늄']",부정,"[('햇볕', 'Noun'), ('라는', 'Josa'), ('소리', 'Noun'), ('에', 'Josa'), ('제라늄', 'Noun'), ('들', 'Suffix'), ('에게', 'Josa'), ('너무', 'Adverb'), ('자주', 'Noun'), ('주다', 'Verb')]",햇볕 소리 제라늄 들 너무 자주 주다
꽃피우는시간,2023-03-28,4,naver,식물영양제,[],부정,"[('벌써', 'Noun'), ('다', 'Adverb'), ('쓸다', 'Verb'), ('같다', 'Adjective')]",벌써 다 쓸다 같다
꽃피우는시간,2023-03-28,4,naver,식물영양제,"['봄', '창가', '햇살', '조금', '햇볕', '덕', '꽃대']",부정,"[('마침', 'Noun'), ('봄', 'Noun'), ('이', 'Josa'), ('되다', 'Verb'), ('창가', 'Noun'), ('로', 'Josa'), ('햇살', 'Noun'), ('도', 'Josa'), ('조금', 'Noun'), ('은', 'Josa'), ('들어오다', 'Verb'), ('인지', 'Noun'), ('햇볕', 'Noun'), ('을', 'Josa'), ('마구', 'Noun'), ('뿌리다', 'Verb'), ('덕인', 'Noun'), ('지', 'Josa'), ('모르다', 'Verb'), ('꽃대', 'Noun'), ('들', 'Suffix'), ('이', 'Josa'), ('예쁘다', 'Adjective'), ('올라오다', 'Verb')]",마침 봄 되다 창가 햇살 조금 들어오다 인지 햇볕 마구 뿌리다 덕인 모르다 꽃대 들 예쁘다 올라오다
꽃피우는시간,2023-03-26,4,naver,식물영양제,"['공병', '식물', '느낌', 'ㅎ', 'ㅎ']",부정,"[('공병', 'Noun'), ('따로', 'Adverb'), ('사서', 'Noun'), ('주다', 'Verb'), ('있다', 'Adjective'), ('식물', 'Noun'), ('이', 'Josa'), ('튼튼하다', 'Adjective'), ('자다', 'Verb'), ('자라다', 'Verb'), ('느낌', 'Noun'), ('이에요', 'Josa'), ('ㅎㅎ', 'KoreanParticle')]",공병 따로 사서 주다 있다 식물 튼튼하다 자다 자라다 느낌 ㅎㅎ
꽃피우는시간,2023-03-24,4,naver,식물영양제,"['분갈이', '평소']",부정,"[('분갈이', 'Noun'), ('하고', 'Josa'), ('섞다', 'Verb'), ('주다', 'Verb'), ('평소', 'Noun'), ('에도', 'Josa'), ('주다', 'Verb'), ('있다', 'Adjective')]",분갈이 섞다 주다 평소 주다 있다
꽃피우는시간,2023-03-13,4,naver,식물영양제,"['일주일', '식물', '잎']",부정,"[('일주일', 'Noun'), ('에', 'Josa'), ('한번', 'Noun'), ('씩', 'Suffix'), ('식물', 'Noun'), ('들', 'Suffix'), ('잎', 'Noun'), ('에', 'Josa'), ('뿌리다', 'Verb'), ('있다', 'Adjective')]",일주일 한번 씩 식물 들 잎 뿌리다 있다
꽃피우는시간,2023-03-13,4,naver,식물영양제,"['변화', '잎', '윤기']",부정,"[('솔직하다', 'Adjective'), ('엄청나다', 'Adjective'), ('변화', 'Noun'), ('는', 'Josa'), ('모르다', 'Verb'), ('잎', 'Noun'), ('에', 'Josa'), ('윤기', 'Noun'), ('가', 'Josa'), ('나다', 'Verb'), ('같다', 'Adjective'), ('하다', 'Verb')]",솔직하다 엄청나다 변화 모르다 잎 윤기 나다 같다 하다
꽃피우는시간,2023-03-13,4,naver,식물영양제,"['식물', '반', '양지', '이동', '정', '분무']",부정,"[('식물', 'Noun'), ('을', 'Josa'), ('반', 'Noun'), ('양지', 'Noun'), ('로', 'Josa'), ('이동', 'Noun'), ('하다', 'Verb'), ('1', 'Number'), ('주', 'Noun'), ('에', 'Josa'), ('두', 'Determiner'), ('번', 'Noun'), ('정도', 'Noun'), ('분무', 'Noun'), ('해주다', 'Verb'), ('자다', 'Verb'), ('자라다', 'Verb'), ('있다', 'Adjective')]",식물 반 양지 이동 하다 1 주 두 번 정도 분무 해주다 자다 자라다 있다
꽃피우는시간,2023-03-12,4,naver,식물영양제,"['집안', '금', '잎', '리뷰', '구매']",부정,"[('집안', 'Noun'), ('에', 'Josa'), ('키우다', 'Verb'), ('만', 'Noun'), ('냥', 'Josa'), ('금', 'Noun'), ('잎', 'Noun'), ('이', 'Josa'), ('누렇', 'Noun'), ('게', 'Josa'), ('변하다', 'Adjective'), ('떨어지다', 'Verb'), ('리뷰', 'Noun'), ('보고', 'Noun'), ('구매', 'Noun'), ('하다', 'Verb')]",집안 키우다 만 금 잎 누렇 변하다 떨어지다 리뷰 보고 구매 하다
꽃피우는시간,2023-03-12,4,naver,식물영양제,['효과'],부정,"[('아직', 'Adverb'), ('한번', 'Noun'), ('만', 'Josa'), ('뿌리다', 'Verb'), ('보다', 'Verb'), ('효과', 'Noun'), ('는', 'Josa'), ('더', 'Noun'), ('지켜보다', 'Verb')]",아직 한번 뿌리다 보다 효과 더 지켜보다
꽃피우는시간,2023-03-12,4,naver,식물영양제,"['배송', '후', '박스', '뚜껑', '분무기', '통', '밖']",부정,"[('다만', 'Noun'), ('배송', 'Noun'), ('후', 'Noun'), ('박스', 'Noun'), ('를', 'Josa'), ('뜯다', 'Verb'), ('보다', 'Verb'), ('뚜껑', 'Noun'), ('에서', 'Josa'), ('새', 'Modifier'), ('어나', 'Modifier'), ('온건', 'Noun'), ('지', 'Josa'), ('분무기', 'Noun'), ('에서', 'Josa'), ('새', 'Modifier'), ('어나', 'Modifier'), ('온건', 'Noun'), ('지', 'Josa'), ('통', 'Noun'), ('밖에', 'Josa'), ('묻다', 'Verb'), ('젖다', 'Verb')]",다만 배송 후 박스 뜯다 보다 뚜껑 새 어나 온건 분무기 새 어나 온건 통 묻다 젖다
꽃피우는시간,2023-03-12,4,naver,식물영양제,"['박스', '취급', '주의', '포장', '방법', '필요', '보입']",부정,"[('1', 'Number'), ('박스', 'Noun'), ('에', 'Josa'), ('취급', 'Noun'), ('주의', 'Noun'), ('를', 'Josa'), ('붙이다', 'Verb'), ('넣다', 'Verb'), ('아니다', 'Adjective'), ('다른', 'Noun'), ('포장', 'Noun'), ('방법', 'Noun'), ('이', 'Josa'), ('필요하다', 'Adjective'), ('보이다', 'Verb')]",1 박스 취급 주의 붙이다 넣다 아니다 다른 포장 방법 필요하다 보이다
꽃피우는시간,2023-03-12,4,naver,식물영양제,"['구매', '관솔', '목초액']",부정,"[('같이', 'Adverb'), ('구매', 'Noun'), ('한', 'Josa'), ('관솔', 'Noun'), ('목초액', 'Noun'), ('은', 'Josa'), ('괜찮다', 'Adjective')]",같이 구매 관솔 목초액 괜찮다
꽃피우는시간,2023-03-12,4,naver,식물영양제,"['식물', '페페']",부정,"[('식물', 'Noun'), ('등', 'Noun'), ('이랑', 'Josa'), ('같이', 'Adverb'), ('쓰다', 'Verb'), ('페페', 'Noun'), ('가', 'Josa'), ('예쁘다', 'Adjective')]",식물 등 같이 쓰다 페페 예쁘다
꽃피우는시간,2023-03-07,1,naver,식물영양제,['점'],부정,"[('좋다', 'Adjective'), ('점', 'Noun'), ('아직', 'Adverb'), ('없다', 'Adjective')]",좋다 점 아직 없다
꽃피우는시간,2023-03-07,4,naver,식물영양제,"['목초액', '냄새', '걱정', '생각']",부정,"[('목초액', 'Noun'), ('냄새', 'Noun'), ('가', 'Josa'), ('많이', 'Adverb'), ('심하다', 'Adjective'), ('알', 'Noun'), ('고', 'Josa'), ('걱정', 'Noun'), ('하다', 'Verb'), ('생각', 'Noun'), ('하다', 'Verb'), ('것', 'Noun'), ('만큼', 'Noun'), ('심하다', 'Adjective'), ('않다', 'Verb')]",목초액 냄새 많이 심하다 알 걱정 하다 생각 하다 것 만큼 심하다 않다
꽃피우는시간,2023-03-07,4,naver,식물영양제,"['화분', '눈', '뿌리', '느낌']",부정,"[('아직', 'Adverb'), ('화분', 'Noun'), ('에', 'Josa'), ('눈', 'Noun'), ('에', 'Josa'), ('보이', 'Noun'), ('게', 'Josa'), ('좋아지다', 'Verb'), ('건', 'Noun'), ('느끼다', 'Verb'), ('없다', 'Adjective'), ('때문', 'Noun'), ('에', 'Josa'), ('모르다', 'Verb'), ('왠지', 'Adverb'), ('뿌리', 'Noun'), ('가', 'Josa'), ('튼튼하다', 'Adjective'), ('것', 'Noun'), ('같다', 'Adjective'), ('느낌', 'Noun'), ('은', 'Josa'), ('들다', 'Verb')]",아직 화분 눈 보이 좋아지다 건 느끼다 없다 때문 모르다 왠지 뿌리 튼튼하다 것 같다 느낌 들다
꽃피우는시간,2023-03-03,4,naver,식물영양제,"['사용', '냄새', '실내', '사용', '겟']",부정,"[('사용', 'Noun'), ('중', 'Suffix'), ('인데', 'Josa'), ('아직', 'Adverb'), ('은', 'Noun'), ('잘', 'VerbPrefix'), ('모르다', 'Adjective'), ('냄새', 'Noun'), ('땜', 'Noun'), ('에', 'Josa'), ('실내', 'Noun'), ('사용', 'Noun'), ('은', 'Josa'), ('안되다', 'Adjective')]",사용 중 아직 은 잘 모르다 냄새 땜 실내 사용 안되다
꽃피우는시간,2023-02-28,3,naver,식물영양제,['냄새'],부정,"[('냄새', 'Noun'), ('가', 'Josa'), ('많이', 'Adverb'), ('나요', 'Eomi')]",냄새 많이
꽃피우는시간,2023-02-28,3,naver,식물영양제,['효과'],부정,"[('효과', 'Noun'), ('는', 'Josa'), ('두다', 'Verb'), ('보다', 'Verb')]",효과 두다 보다
꽃피우는시간,2023-02-28,4,naver,식물영양제,"['뿌리', '액']",부정,"[('뿌리다', 'Verb'), ('액', 'Noun'), ('이', 'Josa'), ('한', 'Determiner'), ('통', 'Noun'), ('이', 'Josa'), ('그냥', 'Noun'), ('나르다', 'Verb')]",뿌리다 액 한 통 그냥 나르다
꽃피우는시간,2023-02-28,3,naver,식물영양제,"['화분', '잎', '거주', '전체', '잎', '꽃']",부정,"[('잘', 'VerbPrefix'), ('있다', 'Adjective'), ('몇몇', 'Noun'), ('화분', 'Noun'), ('이', 'Josa'), ('잎', 'Noun'), ('이', 'Josa'), ('이다', 'Verb'), ('전체', 'Noun'), ('잎', 'Noun'), ('이', 'Josa'), ('지고', 'Noun'), ('꽃', 'Noun'), ('이', 'Josa'), ('후두두', 'Noun'), ('떨어지다', 'Verb'), ('ㅜㅜㅜ', 'KoreanParticle')]",잘 있다 몇몇 화분 잎 이다 전체 잎 지고 꽃 후두두 떨어지다 ㅜㅜㅜ
꽃피우는시간,2023-02-28,3,naver,식물영양제,"['관엽', '식물']",부정,"[('관엽식물', 'Noun'), ('은', 'Josa'), ('자다', 'Verb'), ('살다', 'Verb'), ('ㅜㅜ', 'KoreanParticle')]",관엽식물 자다 살다 ㅜㅜ
꽃피우는시간,2023-02-24,3,naver,식물영양제,"['처음', '사용', '기대']",부정,"[('처음', 'Noun'), ('사용', 'Noun'), ('해보다', 'Verb'), ('기대하다', 'Adjective')]",처음 사용 해보다 기대하다
꽃피우는시간,2023-02-24,3,naver,식물영양제,"['냄새', 'ㅠ']",부정,"[('냄새', 'Noun'), ('가', 'Josa'), ('여간', 'Noun'), ('익숙해지다', 'Verb'), ('않다', 'Verb'), ('쓰다', 'Verb'), ('사다', 'Verb'), ('ㅠ', 'KoreanParticle')]",냄새 여간 익숙해지다 않다 쓰다 사다 ㅠ
꽃피우는시간,2023-02-22,4,naver,식물영양제,"['식물', '활기']",부정,"[('식물', 'Noun'), ('이', 'Josa'), ('활기', 'Noun'), ('있다', 'Adjective'), ('것', 'Noun'), ('같다', 'Adjective')]",식물 활기 있다 것 같다
꽃피우는시간,2023-02-20,4,naver,식물영양제,['아침저녁'],부정,"[('아침', 'Noun'), ('저녁', 'Noun'), ('가볍다', 'Adjective'), ('뿌리다', 'Verb'), ('있다', 'Adjective')]",아침 저녁 가볍다 뿌리다 있다
꽃피우는시간,2023-02-20,4,naver,식물영양제,['냄새'],부정,"[('냄새', 'Noun'), ('가', 'Josa'), ('좀', 'Noun'), ('나요', 'Eomi')]",냄새 좀
꽃피우는시간,2023-02-18,4,naver,식물영양제,"['드라마틱', '효과']",부정,"[('나름', 'Noun'), ('자주', 'Noun'), ('뿌리다', 'Verb'), ('드라마틱하다', 'Adjective'), ('효과', 'Noun'), ('는', 'Josa'), ('없다', 'Adjective')]",나름 자주 뿌리다 드라마틱하다 효과 없다
꽃피우는시간,2023-02-18,4,naver,식물영양제,[],부정,"[('그래도', 'Adverb'), ('안', 'VerbPrefix'), ('뿌리다', 'Verb'), ('좋다', 'Adjective')]",그래도 안 뿌리다 좋다
꽃피우는시간,2023-02-17,4,naver,식물영양제,['사용'],부정,"[('자다', 'Verb'), ('사용', 'Noun'), ('하다', 'Verb')]",자다 사용 하다
꽃피우는시간,2023-02-17,4,naver,식물영양제,"['담번', '구매']",부정,"[('담번', 'Noun'), ('에', 'Josa'), ('또', 'Noun'), ('구매', 'Noun'), ('하다', 'Verb')]",담번 또 구매 하다
꽃피우는시간,2023-02-15,3,naver,식물영양제,['효과'],부정,"[('아직', 'Adverb'), ('까지는', 'Josa'), ('효과', 'Noun'), ('를', 'Josa'), ('모르다', 'Verb')]",아직 효과 모르다
꽃피우는시간,2023-02-10,4,naver,식물영양제,"['목초액', '희석', '물', '식물']",부정,"[('목초액', 'Noun'), ('희다', 'Adjective'), ('석', 'Modifier'), ('해', 'Noun'), ('서', 'Josa'), ('물다', 'Verb'), ('식물', 'Noun'), ('들', 'Suffix'), ('이', 'Josa'), ('더', 'Noun'), ('싱싱하다', 'Adjective'), ('보이다', 'Verb')]",목초액 희다 석 해 물다 식물 들 더 싱싱하다 보이다
꽃피우는시간,2023-02-10,4,naver,식물영양제,['냄새'],부정,"[('냄새', 'Noun'), ('는', 'Josa'), ('좋다', 'Adjective'), ('않다', 'Verb')]",냄새 좋다 않다
꽃피우는시간,2023-02-10,4,naver,식물영양제,"['겨울', '실내', '식물', '힘', '구입']",부정,"[('겨울', 'Noun'), ('이라서', 'Josa'), ('실내', 'Noun'), ('에', 'Josa'), ('있다', 'Adjective'), ('보다', 'Verb'), ('식물', 'Noun'), ('들', 'Suffix'), ('이', 'Josa'), ('힘', 'Noun'), ('이', 'Josa'), ('없다', 'Adjective'), ('구입', 'Noun'), ('하다', 'Verb')]",겨울 실내 있다 보다 식물 들 힘 없다 구입 하다
꽃피우는시간,2023-02-10,4,naver,식물영양제,['기'],부정,"[('자다', 'Verb'), ('자라다', 'Verb')]",자다 자라다
꽃피우는시간,2023-02-10,4,naver,식물영양제,[],부정,"[('자다', 'Verb'), ('써다', 'Verb'), ('보다', 'Verb')]",자다 써다 보다
꽃피우는시간,2023-02-10,4,naver,식물영양제,['효과'],부정,"[('효과', 'Noun'), ('있다', 'Adjective')]",효과 있다
꽃피우는시간,2023-02-09,4,naver,식물영양제,"['꽃기린', '세력']",부정,"[('특히', 'Adverb'), ('꽃', 'Noun'), ('기린', 'Noun'), ('이', 'Josa'), ('세력', 'Noun'), ('이', 'Josa'), ('좋아지다', 'Verb')]",특히 꽃 기린 세력 좋아지다
꽃피우는시간,2023-02-09,4,naver,식물영양제,['근대'],부정,"[('근대', 'Noun'), ('많이', 'Adverb'), ('헤프', 'Noun'), ('네', 'Suffix'), ('요', 'Josa')]",근대 많이 헤프 네
꽃피우는시간,2023-02-09,4,naver,식물영양제,[],부정,"[('좀', 'Noun'), ('만', 'Josa'), ('더', 'Noun'), ('저렴하다', 'Adjective'), ('좋다', 'Adjective')]",좀 더 저렴하다 좋다
꽃피우는시간,2023-02-08,4,naver,식물영양제,['화초'],부정,"[('화초', 'Noun'), ('들', 'Suffix'), ('이', 'Josa'), ('파릇하다', 'Adjective'), ('살아나다', 'Verb'), ('같다', 'Adjective')]",화초 들 파릇하다 살아나다 같다
꽃피우는시간,2023-02-08,4,naver,식물영양제,"['운날씨', '반그늘', '화초', '구입', '모습', '기분']",부정,"[('추다', 'Verb'), ('날씨', 'Noun'), ('에', 'Josa'), ('반', 'Modifier'), ('그늘', 'Noun'), ('에', 'Josa'), ('있다', 'Adjective'), ('화초', 'Noun'), ('가', 'Josa'), ('시들하다', 'Adjective'), ('구입', 'Noun'), ('하다', 'Verb'), ('많이', 'Adverb'), ('좋아지다', 'Verb'), ('있다', 'Adjective'), ('모습', 'Noun'), ('을', 'Josa'), ('보다', 'Verb'), ('너무', 'Adverb'), ('기분', 'Noun'), ('좋다', 'Adjective')]",추다 날씨 반 그늘 있다 화초 시들하다 구입 하다 많이 좋아지다 있다 모습 보다 너무 기분 좋다
꽃피우는시간,2023-02-08,4,naver,식물영양제,['사용'],부정,"[('자다', 'Verb'), ('용하다', 'Adjective')]",자다 용하다
꽃피우는시간,2023-02-07,4,naver,식물영양제,"['햇빛', '부족', '꽃대', '아이', '분무']",부정,"[('오늘', 'Noun'), ('받다', 'Verb'), ('햇빛', 'Noun'), ('부족', 'Noun'), ('으로', 'Josa'), ('꽃대', 'Noun'), ('를', 'Josa'), ('못', 'VerbPrefix'), ('올리다', 'Verb'), ('아이', 'Noun'), ('들', 'Suffix'), ('에게', 'Josa'), ('분무', 'Noun'), ('해주다', 'Verb')]",오늘 받다 햇빛 부족 꽃대 못 올리다 아이 들 분무 해주다
꽃피우는시간,2023-02-07,4,naver,식물영양제,"['효과', '이야기', '상품평', '기대']",부정,"[('아직', 'Adverb'), ('효과', 'Noun'), ('에', 'Josa'), ('대해', 'Noun'), ('이야기', 'Noun'), ('는', 'Josa'), ('못', 'Noun'), ('하지만', 'Conjunction'), ('많다', 'Adjective'), ('분', 'Noun'), ('들', 'Suffix'), ('의', 'Josa'), ('상품', 'Noun'), ('평', 'Noun'), ('을', 'Josa'), ('믿다', 'Verb'), ('기대하다', 'Adjective'), ('있다', 'Adjective')]",아직 효과 대해 이야기 못 하지만 많다 분 들 상품 평 믿다 기대하다 있다
꽃피우는시간,2023-02-06,4,naver,식물영양제,"['목초액냄', '소독', '느낌']",부정,"[('목초액', 'Noun'), ('냄새', 'Noun'), ('나서다', 'Verb'), ('소독', 'Noun'), ('되다', 'Verb'), ('느낌', 'Noun'), ('이라', 'Josa'), ('좋다', 'Adjective')]",목초액 냄새 나서다 소독 되다 느낌 좋다
꽃피우는시간,2023-02-06,4,naver,식물영양제,"['식물', '성장', '도움이', '리']",부정,"[('식물성', 'Noun'), ('장', 'Suffix'), ('에', 'Josa'), ('도움', 'Noun'), ('이', 'Josa'), ('되다', 'Verb'), ('그리다', 'Verb'), ('모르다', 'Verb')]",식물성 장 도움 되다 그리다 모르다
꽃피우는시간,2023-02-06,4,naver,식물영양제,['만족'],부정,"[('만족하다', 'Adjective')]",만족하다
꽃피우는시간,2023-02-06,4,naver,식물영양제,[],부정,"[('열심히', 'Adverb'), ('쓰다', 'Verb'), ('있다', 'Adjective')]",열심히 쓰다 있다
꽃피우는시간,2023-02-05,4,naver,식물영양제,"['배송', '유기농', '제품']",부정,"[('배송', 'Noun'), ('도', 'Josa'), ('빠르다', 'Adjective'), ('유기농', 'Noun'), ('제품', 'Noun'), ('이라', 'Josa'), ('일단', 'Noun'), ('믿다', 'Verb'), ('쓰다', 'Verb')]",배송 빠르다 유기농 제품 일단 믿다 쓰다
꽃피우는시간,2023-02-05,4,naver,식물영양제,[],부정,"[('하다', 'Verb'), ('번', 'Noun'), ('써다', 'Verb'), ('보다', 'Verb'), ('아직', 'Adverb'), ('은', 'Noun'), ('자다', 'Verb'), ('모르다', 'Verb')]",하다 번 써다 보다 아직 은 자다 모르다
꽃피우는시간,2023-02-05,4,naver,식물영양제,"['집', '화분', '기적', '기대']",부정,"[('시들다', 'Verb'), ('죽다', 'Verb'), ('우리', 'Noun'), ('집', 'Noun'), ('화분', 'Noun'), ('에', 'Josa'), ('기적', 'Noun'), ('이', 'Josa'), ('일어나다', 'Verb'), ('기대', 'Noun'), ('해보다', 'Verb')]",시들다 죽다 우리 집 화분 기적 일어나다 기대 해보다
꽃피우는시간,2023-02-05,4,naver,식물영양제,[],부정,"[('받다', 'Verb'), ('바로', 'Noun'), ('뿌리다', 'Verb')]",받다 바로 뿌리다
꽃피우는시간,2023-02-05,4,naver,식물영양제,[],부정,"[('잘', 'VerbPrefix'), ('지켜보다', 'Verb')]",잘 지켜보다
꽃피우는시간,2023-02-02,4,naver,식물영양제,"['아이', '처음', '반통']",부정,"[('아이', 'Noun'), ('들', 'Suffix'), ('이', 'Josa'), ('많다', 'Adjective'), ('처음', 'Noun'), ('받다', 'Verb'), ('마구', 'Noun'), ('뿌리다', 'Verb'), ('반', 'Modifier'), ('통', 'Noun'), ('이', 'Josa'), ('사라지다', 'Verb')]",아이 들 많다 처음 받다 마구 뿌리다 반 통 사라지다
꽃피우는시간,2023-02-02,4,naver,식물영양제,[],부정,"[('적당하다', 'Adjective'), ('뿌리다', 'Verb')]",적당하다 뿌리다
꽃피우는시간,2023-02-02,3,naver,식물영양제,"['사용', '희석', '첨', '냄새']",부정,"[('이제', 'Noun'), ('막', 'Noun'), ('사용', 'Noun'), ('하다', 'Verb'), ('너무', 'Adverb'), ('진하다', 'Adjective'), ('희다', 'Adjective'), ('석', 'Modifier'), ('해', 'Noun'), ('서', 'Josa'), ('그렇다', 'Adjective'), ('첨', 'Noun'), ('엔', 'Josa'), ('냄새', 'Noun'), ('가', 'Josa'), ('많이', 'Adverb'), ('나다', 'Verb')]",이제 막 사용 하다 너무 진하다 희다 석 해 그렇다 첨 냄새 많이 나다
꽃피우는시간,2023-02-02,3,naver,식물영양제,"['뿌리파리', '기대']",부정,"[('그래도', 'Adverb'), ('뿌리', 'Noun'), ('파리', 'Noun'), ('들', 'Suffix'), ('이', 'Josa'), ('없어지다', 'Verb'), ('같다', 'Adjective'), ('기대', 'Noun'), ('되다', 'Verb')]",그래도 뿌리 파리 들 없어지다 같다 기대 되다
꽃피우는시간,2023-02-01,4,naver,식물영양제,"['주', '사용', '사용']",부정,"[('주', 'Noun'), ('2', 'Number'), ('3회', 'Number'), ('사용', 'Noun'), ('하라', 'Noun'), ('하다', 'Verb'), ('현재', 'Noun'), ('두', 'Determiner'), ('번', 'Noun'), ('사용', 'Noun'), ('하다', 'Verb')]",주 2 3회 사용 하라 하다 현재 두 번 사용 하다
꽃피우는시간,2023-02-01,4,naver,식물영양제,"['사용', '얼마', '효과', '번꼴', '분무']",부정,"[('사용', 'Noun'), ('한지', 'Noun'), ('얼마', 'Noun'), ('안되다', 'Adjective'), ('효과', 'Noun'), ('가', 'Josa'), ('있다', 'Adjective'), ('아직', 'Adverb'), ('자다', 'Verb'), ('모르다', 'Verb'), ('2일', 'Number'), ('에', 'Foreign'), ('1', 'Number'), ('번', 'Noun'), ('3일', 'Number'), ('에', 'Foreign'), ('한번', 'Noun'), ('꼴', 'Noun'), ('로', 'Josa'), ('분', 'Noun'), ('무하', 'Noun'), ('여', 'Josa'), ('지켜보다', 'Verb')]",사용 한지 얼마 안되다 효과 있다 아직 자다 모르다 2일 에 1 번 3일 에 한번 꼴 분 무하 지켜보다
꽃피우는시간,2023-02-01,4,naver,식물영양제,"['식물', '건강']",부정,"[('식물', 'Noun'), ('들', 'Suffix'), ('이', 'Josa'), ('건강하다', 'Adjective'), ('크다', 'Verb'), ('좋다', 'Adjective')]",식물 들 건강하다 크다 좋다
꽃피우는시간,2023-01-31,4,naver,식물영양제,"['상품', '배송', '식물', '이영양분', '공급', '회복']",부정,"[('상품', 'Noun'), ('배송', 'Noun'), ('이', 'Josa'), ('빨', 'Noun'), ('라서', 'Josa'), ('좋다', 'Adjective'), ('시들다', 'Verb'), ('식물', 'Noun'), ('이', 'Josa'), ('영양분', 'Noun'), ('을', 'Josa'), ('공급', 'Noun'), ('받다', 'Verb'), ('속히', 'Adverb'), ('회복', 'Noun'), ('되어다', 'Verb'), ('하다', 'Verb')]",상품 배송 빨 좋다 시들다 식물 영양분 공급 받다 속히 회복 되어다 하다
꽃피우는시간,2023-01-31,4,naver,식물영양제,"['식물', '병원', '정보', '교류', '가능']",부정,"[('식물', 'Noun'), ('병원', 'Noun'), ('이', 'Josa'), ('있다', 'Adjective'), ('정보', 'Noun'), ('교류', 'Noun'), ('도', 'Josa'), ('가능하다', 'Adjective'), ('매우', 'Noun'), ('좋다', 'Adjective')]",식물 병원 있다 정보 교류 가능하다 매우 좋다
꽃피우는시간,2023-01-31,4,naver,식물영양제,"['도움', '돌']",부정,"[('많다', 'Adjective'), ('도움', 'Noun'), ('이', 'Josa'), ('돌다', 'Verb'), ('같다', 'Adjective')]",많다 도움 돌다 같다
꽃피우는시간,2023-01-26,3,naver,식물영양제,['날'],부정,"[('날', 'Noun'), ('이', 'Josa'), ('춥다', 'Adjective'), ('얼다', 'Verb')]",날 춥다 얼다
꽃피우는시간,2023-01-26,3,naver,식물영양제,"['뚜껑', '녹은', '부분', '상자']",부정,"[('얼다', 'Verb'), ('뚜껑', 'Noun'), ('도', 'Josa'), ('다', 'Adverb'), ('깨지다', 'Verb'), ('녹다', 'Verb'), ('부분', 'Noun'), ('이', 'Josa'), ('상자', 'Noun'), ('에', 'Josa'), ('다', 'Adverb'), ('쏟아지다', 'Verb')]",얼다 뚜껑 다 깨지다 녹다 부분 상자 다 쏟아지다
꽃피우는시간,2023-01-26,3,naver,식물영양제,[],부정,"[('쏟아지다', 'Verb'), ('아깝다', 'Adjective'), ('하지만', 'Conjunction'), ('그냥', 'Noun'), ('쓸다', 'Verb')]",쏟아지다 아깝다 하지만 그냥 쓸다
꽃피우는시간,2023-01-24,3,naver,식물영양제,"['사용', '효과', '결국', '화초', '실수', '일']",부정,"[('사용', 'Noun'), ('하고', 'Josa'), ('효', 'Noun'), ('과', 'Josa'), ('을', 'Josa'), ('보다', 'Verb'), ('하다', 'Verb'), ('결국', 'Adverb'), ('에', 'Josa'), ('화초', 'Noun'), ('가', 'Josa'), ('죽다', 'Verb'), ('제', 'Noun'), ('실수', 'Noun'), ('이다', 'Verb'), ('요', 'Noun')]",사용 효 보다 하다 결국 화초 죽다 제 실수 이다 요
꽃피우는시간,2023-01-22,2,naver,식물영양제,"['병', '광고', '효과', '느낌', '느낌']",부정,"[('두', 'Determiner'), ('병', 'Noun'), ('다', 'Adverb'), ('써다', 'Verb'), ('광고', 'Noun'), ('와', 'Josa'), ('같다', 'Adjective'), ('효과', 'Noun'), ('는', 'Josa'), ('그닥', 'Noun'), ('없다', 'Adjective'), ('같다', 'Adjective'), ('느낌', 'Noun'), ('적', 'Suffix'), ('인', 'Josa'), ('느낌', 'Noun'), ('hellip', 'Alpha')]",두 병 다 써다 광고 같다 효과 그닥 없다 같다 느낌 적 느낌 hellip
꽃피우는시간,2023-01-18,4,naver,식물영양제,"['배송', '상품']",부정,"[('배송', 'Noun'), ('도', 'Josa'), ('빠르다', 'Adjective'), ('상품', 'Noun'), ('도', 'Josa'), ('좋다', 'Adjective')]",배송 빠르다 상품 좋다
꽃피우는시간,2023-01-18,4,naver,식물영양제,[],부정,"[('아직', 'Adverb'), ('자다', 'Verb'), ('모르다', 'Verb')]",아직 자다 모르다
꽃피우는시간,2023-01-18,4,naver,식물영양제,['사용'],부정,"[('몇번', 'Noun'), ('안', 'VerbPrefix'), ('써다', 'Verb'), ('그렇다', 'Adjective'), ('같다', 'Adjective'), ('꾸준하다', 'Adjective'), ('사용', 'Noun'), ('해보다', 'Verb')]",몇번 안 써다 그렇다 같다 꾸준하다 사용 해보다
꽃피우는시간,2023-01-18,4,naver,식물영양제,"['자극', '냄새']",부정,"[('일단', 'Noun'), ('자극', 'Noun'), ('적', 'Suffix'), ('인', 'Josa'), ('냄새', 'Noun'), ('는', 'Josa'), ('안', 'VerbPrefix'), ('나다', 'Verb')]",일단 자극 적 냄새 안 나다
꽃피우는시간,2023-01-18,4,naver,식물영양제,['냄새'],부정,"[('냄새', 'Noun'), ('가', 'Josa'), ('아주', 'Noun'), ('없다', 'Adjective'), ('않다', 'Verb')]",냄새 아주 없다 않다
꽃피우는시간,2023-01-17,4,naver,식물영양제,['향'],부정,"[('향', 'Noun'), ('이', 'Josa'), ('좀', 'Noun'), ('호불호', 'Noun'), ('갈리다', 'Verb'), ('같다', 'Adjective')]",향 좀 호불호 갈리다 같다
꽃피우는시간,2023-01-17,4,naver,식물영양제,['사이즈'],부정,"[('좀더', 'Noun'), ('작다', 'Adjective'), ('사이즈', 'Noun'), ('가', 'Josa'), ('있다', 'Adjective'), ('좋다', 'Adjective')]",좀더 작다 사이즈 있다 좋다
꽃피우는시간,2023-01-12,3,naver,식물영양제,"['상품평', '구입', '효과']",부정,"[('상품', 'Noun'), ('평이', 'Noun'), ('좋다', 'Adjective'), ('구입', 'Noun'), ('하다', 'Verb'), ('몇번', 'Noun'), ('뿌리다', 'Verb'), ('보다', 'Verb'), ('아직', 'Adverb'), ('은', 'Noun'), ('효', 'Noun'), ('과', 'Josa'), ('을', 'Josa'), ('자다', 'Verb'), ('모르다', 'Verb')]",상품 평이 좋다 구입 하다 몇번 뿌리다 보다 아직 은 효 자다 모르다
꽃피우는시간,2023-01-08,4,naver,식물영양제,"['신', '도움']",부정,"[('2', 'Number'), ('3일', 'Number'), ('에', 'Foreign'), ('한번', 'Noun'), ('씩', 'Suffix'), ('뿌리다', 'Verb'), ('신', 'Modifier'), ('옆', 'Noun'), ('말리다', 'Verb'), ('조금', 'Noun'), ('도움', 'Noun'), ('이', 'Josa'), ('되다', 'Verb'), ('해', 'Noun'), ('요', 'Josa')]",2 3일 에 한번 씩 뿌리다 신 옆 말리다 조금 도움 되다 해
꽃피우는시간,2023-01-08,4,naver,식물영양제,"['꽃피', '식물', '효과', '기대']",부정,"[('꽃', 'Noun'), ('피다', 'Verb'), ('식물', 'Noun'), ('은', 'Josa'), ('효과', 'Noun'), ('기대', 'Noun'), ('해보다', 'Verb')]",꽃 피다 식물 효과 기대 해보다
꽃피우는시간,2023-01-08,4,naver,식물영양제,[],부정,"[('아직', 'Adverb'), ('은', 'Noun'), ('모르다', 'Verb'), ('꾸준하다', 'Adjective'), ('써다', 'Verb'), ('보다', 'Verb')]",아직 은 모르다 꾸준하다 써다 보다
꽃피우는시간,2023-01-08,4,naver,식물영양제,"['냄새', 'ㅎ', 'ㅎ', '찜질방', '냄새', '요', '언늘', '환기']",부정,"[('냄새', 'Noun'), ('가', 'Josa'), ('ㅎㅎ', 'KoreanParticle'), ('찜질방', 'Noun'), ('냄새', 'Noun'), ('같이', 'Josa'), ('요', 'Modifier'), ('상해', 'Noun'), ('요', 'Josa'), ('뿌리', 'Noun'), ('고', 'Josa'), ('언', 'Modifier'), ('늘', 'Noun'), ('환기', 'Noun'), ('하다', 'Verb')]",냄새 ㅎㅎ 찜질방 냄새 요 상해 뿌리 언 늘 환기 하다
꽃피우는시간,2023-01-06,4,naver,식물영양제,"['주', '효과', '기대']",부정,"[('아직', 'Adverb'), ('3', 'Number'), ('주', 'Noun'), ('라서', 'Josa'), ('확실하다', 'Adjective'), ('효과', 'Noun'), ('는', 'Josa'), ('없다', 'Adjective'), ('기대하다', 'Adjective'), ('있다', 'Adjective')]",아직 3 주 확실하다 효과 없다 기대하다 있다
꽃피우는시간,2023-01-03,4,naver,식물영양제,"['처음', '구입', '스프레이', '다음날', '초록잎', '선명', '보']",부정,"[('처음', 'Noun'), ('구입', 'Noun'), ('하다', 'Verb'), ('스프레이', 'Noun'), ('해봤다', 'Verb'), ('다음', 'Noun'), ('날', 'Noun'), ('보다', 'Verb'), ('초록', 'Noun'), ('잎', 'Noun'), ('들', 'Suffix'), ('이', 'Josa'), ('더', 'Noun'), ('선명하다', 'Adjective'), ('보이다', 'Verb'), ('같다', 'Adjective')]",처음 구입 하다 스프레이 해봤다 다음 날 보다 초록 잎 들 더 선명하다 보이다 같다
꽃피우는시간,2023-01-03,4,naver,식물영양제,"['사용학', '효과', '확인', '스프레이', '후', '목초', '액향', '기분']",부정,"[('더', 'Noun'), ('꾸준하다', 'Adjective'), ('사용', 'Noun'), ('학', 'Noun'), ('보다', 'Verb'), ('효과', 'Noun'), ('를', 'Josa'), ('정확하다', 'Adjective'), ('확인', 'Noun'), ('하다', 'Verb'), ('같다', 'Adjective'), ('스프레이', 'Noun'), ('후', 'Noun'), ('은은하다', 'Adjective'), ('목초액', 'Noun'), ('향', 'Noun'), ('이', 'Josa'), ('나서다', 'Verb'), ('기분', 'Noun'), ('은', 'Josa'), ('좋다', 'Adjective')]",더 꾸준하다 사용 학 보다 효과 정확하다 확인 하다 같다 스프레이 후 은은하다 목초액 향 나서다 기분 좋다
꽃피우는시간,2023-01-02,4,naver,식물영양제,"['냄새', '효과', '주', '정', '결과']",부정,"[('냄새', 'Noun'), ('는', 'Josa'), ('괜찮다', 'Adjective'), ('한번', 'Noun'), ('써다', 'Verb'), ('보다', 'Verb'), ('아직', 'Adverb'), ('효과', 'Noun'), ('는', 'Josa'), ('모르다', 'Verb'), ('주', 'Noun'), ('2회', 'Number'), ('정도', 'Foreign'), ('주다', 'Verb'), ('결과', 'Noun'), ('를', 'Josa'), ('기다리다', 'Verb'), ('보다', 'Verb')]",냄새 괜찮다 한번 써다 보다 아직 효과 모르다 주 2회 정도 주다 결과 기다리다 보다
꽃피우는시간,2022-12-30,4,naver,식물영양제,"['전', '기대', '제품']",부정,"[('아직', 'Adverb'), ('쓰기', 'Noun'), ('전', 'Noun'), ('인데', 'Josa'), ('기대', 'Noun'), ('되다', 'Verb'), ('제품', 'Noun'), ('이다', 'Adjective')]",아직 쓰기 전 기대 되다 제품 이다
꽃피우는시간,2022-12-29,4,naver,식물영양제,"['미량', '랑', '목초액', '부담', '사용']",부정,"[('미량', 'Noun'), ('의', 'Josa'), ('npk', 'Alpha'), ('랑', 'Josa'), ('목초액', 'Noun'), ('이', 'Josa'), ('섞이다', 'Verb'), ('부담', 'Noun'), ('없이', 'Adverb'), ('사용', 'Noun'), ('하다', 'Verb'), ('좋다', 'Adjective'), ('같다', 'Adjective')]",미량 npk 목초액 섞이다 부담 없이 사용 하다 좋다 같다
꽃피우는시간,2022-12-29,4,naver,식물영양제,"['자리', '햇빛', '부족', '곳', '사용', '보려']",부정,"[('구석', 'Noun'), ('진', 'Noun'), ('자리', 'Noun'), ('햇빛', 'Noun'), ('부족하다', 'Adjective'), ('곳', 'Noun'), ('에', 'Josa'), ('사용', 'Noun'), ('해보다', 'Verb'), ('해', 'Noun'), ('요', 'Josa')]",구석 진 자리 햇빛 부족하다 곳 사용 해보다 해
꽃피우는시간,2022-12-28,4,naver,식물영양제,"['달', '후', '사용', '후기']",부정,"[('한', 'Determiner'), ('달후', 'Noun'), ('사용', 'Noun'), ('후기', 'Noun'), ('들', 'Suffix'), ('고', 'Josa'), ('오다', 'Verb')]",한 달후 사용 후기 들 오다
꽃피우는시간,2022-12-28,4,naver,식물영양제,"['동향', '집베란', '제라늄', 'ㅡ']",부정,"[('동향', 'Noun'), ('집', 'Noun'), ('베란다', 'Noun'), ('에서', 'Josa'), ('제라늄', 'Noun'), ('을', 'Josa'), ('키우다', 'Verb'), ('ㅡㅡ', 'KoreanParticle')]",동향 집 베란다 제라늄 키우다 ㅡㅡ
꽃피우는시간,2022-12-28,4,naver,식물영양제,"['효과', '바']",부정,"[('부디', 'Noun'), ('효과', 'Noun'), ('있다', 'Adjective'), ('바', 'Noun'), ('래', 'Josa'), ('보다', 'Verb')]",부디 효과 있다 바 보다
꽃피우는시간,2022-12-28,4,naver,식물영양제,"['인친', '소개', '구매']",부정,"[('인친', 'Noun'), ('님', 'Suffix'), ('소개', 'Noun'), ('로', 'Josa'), ('알', 'Noun'), ('게', 'Josa'), ('되어다', 'Verb'), ('구매', 'Noun'), ('하다', 'Verb')]",인친 님 소개 알 되어다 구매 하다
꽃피우는시간,2022-12-28,4,naver,식물영양제,"['집', '동향', '겨울', '햇빛', '때', '식물', '의지해', '제라늄']",부정,"[('저희', 'Modifier'), ('집', 'Noun'), ('이', 'Josa'), ('동향', 'Noun'), ('이라', 'Josa'), ('겨울', 'Noun'), ('엔', 'Josa'), ('햇빛', 'Noun'), ('을', 'Josa'), ('거의', 'Noun'), ('못', 'Noun'), ('받다', 'Verb'), ('때', 'Noun'), ('도', 'Josa'), ('있다', 'Adjective'), ('식물', 'Noun'), ('등', 'Noun'), ('의', 'Josa'), ('지해', 'Noun'), ('제라늄', 'Noun'), ('들', 'Suffix'), ('을', 'Josa'), ('키우다', 'Verb')]",저희 집 동향 겨울 햇빛 거의 못 받다 때 있다 식물 등 지해 제라늄 들 키우다
꽃피우는시간,2022-12-28,4,naver,식물영양제,['효과'],부정,"[('효과', 'Noun'), ('있다', 'Adjective'), ('좋다', 'Adjective')]",효과 있다 좋다
꽃피우는시간,2022-12-28,4,naver,식물영양제,"['오늘', '후', '사용', '후기']",부정,"[('오늘', 'Noun'), ('부터', 'Josa'), ('한', 'Determiner'), ('달후', 'Noun'), ('사용', 'Noun'), ('후기', 'Noun'), ('들', 'Suffix'), ('고', 'Josa'), ('오다', 'Verb')]",오늘 한 달후 사용 후기 들 오다
꽃피우는시간,2022-12-27,4,naver,식물영양제,"['베란다', '제라늄', '확정', '거실']",부정,"[('닥', 'Noun'), ('은', 'Josa'), ('베란다', 'Noun'), ('에', 'Josa'), ('있다', 'Adjective'), ('제라늄', 'Noun'), ('을', 'Josa'), ('확정', 'Noun'), ('형', 'Suffix'), ('거실', 'Noun'), ('로', 'Josa'), ('옮기다', 'Verb')]",닥 베란다 있다 제라늄 확정 형 거실 옮기다
꽃피우는시간,2022-12-27,4,naver,식물영양제,"['잎', '빛', '성분', '도움', '주문', '병', '구매', '사용', '처음', '사용', '냄새', '강한', '문', '환기']",부정,"[('옮기다', 'Verb'), ('보다', 'Verb'), ('잎', 'Noun'), ('이', 'Josa'), ('탱글탱글', 'Adverb'), ('안', 'VerbPrefix'), ('하다', 'Verb'), ('같다', 'Adjective'), ('기도', 'Noun'), ('하고', 'Josa'), ('빛', 'Noun'), ('의', 'Josa'), ('성분', 'Noun'), ('도움', 'Noun'), ('을', 'Josa'), ('받다', 'Verb'), ('수', 'Noun'), ('있다', 'Adjective'), ('주문', 'Noun'), ('4', 'Number'), ('번', 'Noun'), ('한', 'Determiner'), ('병', 'Noun'), ('다', 'Adverb'), ('썻네', 'Noun'), ('요', 'Josa'), ('2', 'Number'), ('개다', 'Verb'), ('하다', 'Verb'), ('사용', 'Noun'), ('중', 'Noun'), ('인데', 'Josa'), ('처음', 'Noun'), ('사용', 'Noun'), ('시', 'Noun'), ('는', 'Josa'), ('냄새', 'Noun'), ('가', 'Josa'), ('넘다', 'Verb'), ('강하다', 'Adjective'), ('하다', 'Verb'), ('문', 'Noun'), ('열다', 'Verb'), ('환기', 'Noun'), ('도', 'Josa'), ('시키다', 'Verb')]",옮기다 보다 잎 탱글탱글 안 하다 같다 기도 빛 성분 도움 받다 수 있다 주문 4 번 한 병 다 썻네 2 개다 하다 사용 중 처음 사용 시 냄새 넘다 강하다 하다 문 열다 환기 시키다
꽃피우는시간,2022-12-27,4,naver,식물영양제,"['괜', '구', '단', '친환경', '제품', '요']",부정,"[('두번째', 'Noun'), ('는', 'Josa'), ('괜', 'Noun'), ('차다', 'Verb'), ('일단', 'Noun'), ('친환경', 'Noun'), ('제품', 'Noun'), ('이라', 'Josa'), ('하니', 'Noun'), ('좀', 'Noun'), ('거', 'Noun'), ('사욘', 'Noun'), ('해', 'Noun'), ('보다', 'Verb')]",두번째 괜 차다 일단 친환경 제품 하니 좀 거 사욘 해 보다
꽃피우는시간,2022-12-27,4,naver,식물영양제,"['희석', '사용', '제품', '원액', '감']",부정,"[('희다', 'Adjective'), ('석', 'Modifier'), ('해', 'Noun'), ('서', 'Josa'), ('사용', 'Noun'), ('하다', 'Verb'), ('제품', 'Noun'), ('이', 'Josa'), ('아니다', 'Adjective'), ('원', 'Modifier'), ('액', 'Noun'), ('이라', 'Josa'), ('좀', 'Noun'), ('헤픈감', 'Noun'), ('이', 'Josa'), ('있다', 'Adjective')]",희다 석 해 사용 하다 제품 아니다 원 액 좀 헤픈감 있다
꽃피우는시간,2022-12-27,4,naver,식물영양제,"['효과', '얼둣']",부정,"[('벌써', 'Noun'), ('한', 'Determiner'), ('통', 'Noun'), ('을', 'Josa'), ('다', 'Adverb'), ('쓰다', 'Verb'), ('효과', 'Noun'), ('는', 'Josa'), ('좀', 'Noun'), ('더', 'Noun'), ('써다', 'Verb'), ('보다', 'Verb'), ('얼둣', 'Noun'), ('하다', 'Verb')]",벌써 한 통 다 쓰다 효과 좀 더 써다 보다 얼둣 하다
꽃피우는시간,2022-12-22,4,naver,식물영양제,"['꽃', '시', '구매']",부정,"[('꽃', 'Noun'), ('이', 'Josa'), ('금방', 'Noun'), ('시들다', 'Verb'), ('구매', 'Noun'), ('하다', 'Verb')]",꽃 금방 시들다 구매 하다
꽃피우는시간,2022-12-22,4,naver,식물영양제,"['냄새', '나']",부정,"[('냄새', 'Noun'), ('가', 'Josa'), ('나다', 'Verb'), ('심하다', 'Adjective'), ('않다', 'Verb')]",냄새 나다 심하다 않다
꽃피우는시간,2022-12-20,4,naver,식물영양제,"['겨울', '실내', '화초', '걱정', '검색', '후기', '주문']",부정,"[('겨울', 'Noun'), ('이라', 'Josa'), ('실내', 'Noun'), ('에', 'Josa'), ('들이다', 'Verb'), ('화초', 'Noun'), ('들', 'Suffix'), ('이', 'Josa'), ('걱정', 'Noun'), ('되어다', 'Verb'), ('검색', 'Noun'), ('하다', 'Verb'), ('후기', 'Noun'), ('가', 'Josa'), ('좋다', 'Adjective'), ('주문', 'Noun'), ('해봤다', 'Verb')]",겨울 실내 들이다 화초 들 걱정 되어다 검색 하다 후기 좋다 주문 해봤다
꽃피우는시간,2022-12-20,4,naver,식물영양제,['효과'],부정,"[('효과', 'Noun'), ('가', 'Josa'), ('좋다', 'Adjective'), ('좋다', 'Adjective')]",효과 좋다 좋다
꽃피우는시간,2022-12-20,4,naver,식물영양제,"['포장', '박스', '진', '내용물', 'ㅠ']",부정,"[('포장', 'Noun'), ('박스', 'Noun'), ('를', 'Josa'), ('던지다', 'Verb'), ('건지다', 'Verb'), ('내용물', 'Noun'), ('이', 'Josa'), ('흐르다', 'Verb'), ('ㅠ', 'KoreanParticle')]",포장 박스 던지다 건지다 내용물 흐르다 ㅠ
꽃피우는시간,2022-12-20,4,naver,식물영양제,"['스프레이', '스프레이', '물', '조금', '새요']",부정,"[('스프레이', 'Noun'), ('가', 'Josa'), ('스프레이', 'Noun'), ('하다', 'Verb'), ('물이', 'Noun'), ('조금씩', 'Adverb'), ('새', 'Modifier'), ('요하', 'Noun'), ('지만', 'Josa'), ('그냥', 'Noun'), ('쓸다', 'Verb'), ('그래서', 'Adverb'), ('4', 'Number'), ('점', 'Noun'), ('이에요', 'Josa')]",스프레이 스프레이 하다 물이 조금씩 새 요하 그냥 쓸다 그래서 4 점
꽃피우는시간,2022-12-19,4,naver,식물영양제,"['겨울', '해', '주문']",부정,"[('겨울', 'Noun'), ('이라', 'Josa'), ('해', 'Noun'), ('가', 'Josa'), ('많이', 'Adverb'), ('짧아지다', 'Verb'), ('주문', 'Noun'), ('하다', 'Verb')]",겨울 해 많이 짧아지다 주문 하다
꽃피우는시간,2022-12-19,4,naver,식물영양제,"['사용', '기간', '사용', '후', '얼음', '식물', '새잎']",부정,"[('아직', 'Adverb'), ('사용', 'Noun'), ('기간', 'Noun'), ('이', 'Josa'), ('길다', 'Adjective'), ('않다', 'Verb'), ('사용', 'Noun'), ('후', 'Noun'), ('얼음', 'Noun'), ('이던', 'Josa'), ('식물', 'Noun'), ('도', 'Josa'), ('새', 'Modifier'), ('잎', 'Noun'), ('이', 'Josa'), ('나오다', 'Verb'), ('있다', 'Adjective')]",아직 사용 기간 길다 않다 사용 후 얼음 식물 새 잎 나오다 있다
꽃피우는시간,2022-12-19,4,naver,식물영양제,['효과'],부정,"[('확실하다', 'Adjective'), ('효과', 'Noun'), ('는', 'Josa'), ('있다', 'Adjective'), ('듯', 'Noun'), ('하다', 'Verb')]",확실하다 효과 있다 듯 하다
꽃피우는시간,2022-12-19,4,naver,식물영양제,"['냄새', '분무기', '추후']",부정,"[('냄새', 'Noun'), ('는', 'Josa'), ('그리다', 'Verb'), ('심하다', 'Adjective'), ('않다', 'Verb'), ('분무기', 'Noun'), ('는', 'Josa'), ('추후', 'Noun'), ('바꾸다', 'Verb'), ('겠다', 'Verb')]",냄새 그리다 심하다 않다 분무기 추후 바꾸다 겠다
꽃피우는시간,2022-12-19,4,naver,식물영양제,"['사용', '방울']",부정,"[('사용', 'Noun'), ('하다', 'Verb'), ('항상', 'Noun'), ('몇', 'Modifier'), ('방울', 'Noun'), ('흐르다', 'Verb')]",사용 하다 항상 몇 방울 흐르다
꽃피우는시간,2022-12-19,4,naver,식물영양제,['만족'],부정,"[('hellip', 'Alpha'), ('그것', 'Noun'), ('빼다', 'Verb'), ('만족하다', 'Adjective')]",hellip 그것 빼다 만족하다
꽃피우는시간,2022-12-19,3,naver,식물영양제,[],부정,"[('세네', 'Modifier'), ('번', 'Noun'), ('뿌리다', 'Verb'), ('아직', 'Adverb'), ('특별하다', 'Adjective'), ('좋아지다', 'Verb'), ('모르다', 'Verb')]",세네 번 뿌리다 아직 특별하다 좋아지다 모르다
꽃피우는시간,2022-12-19,3,naver,식물영양제,"['일주일', '정도']",부정,"[('일주일', 'Noun'), ('에', 'Josa'), ('두', 'Determiner'), ('번', 'Noun'), ('정도', 'Noun'), ('뿌리다', 'Verb'), ('더', 'Noun'), ('자주', 'Noun'), ('뿌리다', 'Verb'), ('되다', 'Verb'), ('요', 'Noun')]",일주일 두 번 정도 뿌리다 더 자주 뿌리다 되다 요
꽃피우는시간,2022-12-17,3,naver,식물영양제,['사용'],부정,"[('이제', 'Noun'), ('하다', 'Verb'), ('번', 'Noun'), ('뿌리다', 'Verb'), ('보다', 'Verb'), ('주', 'Noun'), ('2', 'Number'), ('3회', 'Number'), ('지키다', 'Verb'), ('사용', 'Noun'), ('해보다', 'Verb')]",이제 하다 번 뿌리다 보다 주 2 3회 지키다 사용 해보다
꽃피우는시간,2022-12-17,3,naver,식물영양제,"['편백향', '비료', '냄새', '음', '질소암모니아향']",부정,"[('근데', 'Adverb'), ('편백', 'Noun'), ('향', 'Noun'), ('은', 'Josa'), ('안나', 'Noun'), ('고', 'Josa'), ('비료', 'Noun'), ('냄새', 'Noun'), ('음', 'Noun'), ('질소', 'Noun'), ('암모니아', 'Noun'), ('향', 'Noun'), ('가다', 'Verb'), ('나다', 'Verb')]",근데 편백 향 안나 비료 냄새 음 질소 암모니아 향 가다 나다
꽃피우는시간,2022-12-17,3,naver,식물영양제,"['음', '제품', '자체', '액체', '비료', '생각', '방바닥', '벽', '관건']",부정,"[('음', 'Noun'), ('뭐', 'Noun'), ('제품', 'Noun'), ('자체', 'Noun'), ('가', 'Josa'), ('액체', 'Noun'), ('비료', 'Noun'), ('라고', 'Josa'), ('생각', 'Noun'), ('하다', 'Verb'), ('그렇다', 'Adjective'), ('하다', 'Verb'), ('방바닥', 'Noun'), ('이나', 'Josa'), ('벽', 'Noun'), ('에', 'Josa'), ('튀다', 'Verb'), ('않다', 'Verb'), ('뿌리다', 'Verb'), ('게', 'Noun'), ('관건', 'Noun'), ('이겠다', 'Verb')]",음 뭐 제품 자체 액체 비료 생각 하다 그렇다 하다 방바닥 벽 튀다 않다 뿌리다 게 관건 이겠다
꽃피우는시간,2022-12-12,4,naver,식물영양제,"['사용', '편리']",부정,"[('사용', 'Noun'), ('하다', 'Verb'), ('너무', 'Adverb'), ('편리하다', 'Adjective')]",사용 하다 너무 편리하다
꽃피우는시간,2022-12-01,4,naver,식물영양제,[],부정,"[('좋다', 'Adjective')]",좋다
꽃피우는시간,2022-12-01,4,naver,식물영양제,['식물'],부정,"[('시들시들하다', 'Adjective'), ('식물', 'Noun'), ('에', 'Josa'), ('뿌리다', 'Verb'), ('좋다', 'Adjective')]",시들시들하다 식물 뿌리다 좋다
꽃피우는시간,2022-11-19,4,naver,식물영양제,"['유', '냄새', '식물', '성장', '기대']",부정,"[('툭', 'Noun'), ('유의', 'Noun'), ('냄새', 'Noun'), ('가', 'Josa'), ('좋다', 'Adjective'), ('식물성', 'Noun'), ('장', 'Suffix'), ('에', 'Josa'), ('기대', 'Noun'), ('해보다', 'Verb')]",툭 유의 냄새 좋다 식물성 장 기대 해보다
꽃피우는시간,2022-11-17,3,naver,식물영양제,"['집', '서향', '겨울', '햇빛']",부정,"[('저', 'Noun'), ('의', 'Josa'), ('집', 'Noun'), ('이', 'Josa'), ('서향', 'Noun'), ('이라', 'Josa'), ('겨울', 'Noun'), ('에는', 'Josa'), ('햇빛', 'Noun'), ('이', 'Josa'), ('안', 'VerbPrefix'), ('들어오다', 'Verb')]",저 집 서향 겨울 햇빛 안 들어오다
꽃피우는시간,2022-11-17,3,naver,식물영양제,"['식물', '생각', '햇빛', '부족', '식물', '가격', '다육식물', '주문']",부정,"[('식물', 'Noun'), ('을', 'Josa'), ('생각', 'Noun'), ('하고', 'Josa'), ('햇빛', 'Noun'), ('이', 'Josa'), ('부족하다', 'Adjective'), ('식물', 'Noun'), ('에게', 'Josa'), ('주다', 'Verb'), ('좋다', 'Adjective'), ('하다', 'Verb'), ('가격', 'Noun'), ('이', 'Josa'), ('꽤', 'Noun'), ('나가다', 'Verb'), ('다육식물', 'Noun'), ('를', 'Noun'), ('위해', 'Noun'), ('주문', 'Noun'), ('하다', 'Verb')]",식물 생각 햇빛 부족하다 식물 주다 좋다 하다 가격 꽤 나가다 다육식물 를 위해 주문 하다
꽃피우는시간,2022-11-17,3,naver,식물영양제,"['가격', '원액', '흠', '물', '겨울', '다육식물', '햇빛']",부정,"[('다만', 'Noun'), ('가격', 'Noun'), ('이', 'Josa'), ('꽤', 'Noun'), ('나가다', 'Verb'), ('저', 'Noun'), ('는', 'Josa'), ('원', 'Modifier'), ('액', 'Noun'), ('을', 'Josa'), ('뿌리', 'Noun'), ('기다', 'Verb'), ('너무', 'Adverb'), ('비싸다', 'Adjective'), ('흠', 'Noun'), ('이다', 'Adjective'), ('저', 'Noun'), ('는', 'Josa'), ('물', 'Noun'), ('과', 'Josa'), ('섞다', 'Verb'), ('뿌리다', 'Verb'), ('겨울', 'Noun'), ('에', 'Josa'), ('다육식물', 'Noun'), ('들', 'Suffix'), ('이', 'Josa'), ('햇빛', 'Noun'), ('을', 'Josa'), ('안', 'VerbPrefix'), ('받다', 'Verb'), ('자다', 'Verb'), ('살기', 'Noun'), ('만을', 'Josa'), ('바라다', 'Verb'), ('뿐이다', 'Adjective')]",다만 가격 꽤 나가다 저 원 액 뿌리 기다 너무 비싸다 흠 이다 저 물 섞다 뿌리다 겨울 다육식물 들 햇빛 안 받다 자다 살기 바라다 뿐이다
꽃피우는시간,2022-11-17,3,naver,식물영양제,"['집', '서향', '겨울', '햇빛', '주문']",부정,"[('집', 'Noun'), ('이', 'Josa'), ('서향', 'Noun'), ('이라', 'Josa'), ('겨울', 'Noun'), ('엔', 'Josa'), ('햇빛', 'Noun'), ('이', 'Josa'), ('작다', 'Adjective'), ('주문', 'Noun'), ('하다', 'Verb')]",집 서향 겨울 햇빛 작다 주문 하다
꽃피우는시간,2022-11-17,3,naver,식물영양제,"['햇빛', '영양제']",부정,"[('햇빛', 'Noun'), ('이', 'Josa'), ('덜', 'Noun'), ('받다', 'Verb'), ('영양', 'Noun'), ('제로', 'Noun'), ('자다', 'Verb'), ('살다', 'Verb'), ('좋다', 'Adjective')]",햇빛 덜 받다 영양 제로 자다 살다 좋다
꽃피우는시간,2022-11-17,3,naver,식물영양제,"['원액', '가격', '물']",부정,"[('원', 'Modifier'), ('액', 'Noun'), ('으로만', 'Josa'), ('주기', 'Noun'), ('에는', 'Josa'), ('너무', 'Adverb'), ('가격', 'Noun'), ('이', 'Josa'), ('나가다', 'Verb'), ('물', 'Noun'), ('에', 'Josa'), ('타다', 'Verb'), ('뿌리다', 'Verb')]",원 액 주기 너무 가격 나가다 물 타다 뿌리다
꽃피우는시간,2022-11-14,4,naver,식물영양제,['효과'],부정,"[('효과', 'Noun'), ('는', 'Josa'), ('좋다', 'Adjective')]",효과 좋다
꽃피우는시간,2022-11-14,4,naver,식물영양제,"['지난번', '구매', '재구매', '쟁여서', '겨울', '준비']",부정,"[('지난번', 'Noun'), ('구매', 'Noun'), ('에', 'Josa'), ('이다', 'Verb'), ('재', 'Noun'), ('구매', 'Noun'), ('로', 'Josa'), ('왕창', 'Noun'), ('쟁', 'Noun'), ('여서', 'Josa'), ('겨울', 'Noun'), ('을', 'Josa'), ('잘', 'VerbPrefix'), ('보내다', 'Verb'), ('준비', 'Noun'), ('하다', 'Verb')]",지난번 구매 이다 재 구매 왕창 쟁 겨울 잘 보내다 준비 하다
꽃피우는시간,2022-11-07,3,naver,식물영양제,[],부정,"[('잘', 'VerbPrefix'), ('모르다', 'Verb')]",잘 모르다
꽃피우는시간,2022-11-07,3,naver,식물영양제,"['사용', '요', '종류', '그늘', '식물', '사용']",부정,"[('어떻다', 'Adjective'), ('사용', 'Noun'), ('하다', 'Verb'), ('하다', 'Verb'), ('종류', 'Noun'), ('가', 'Josa'), ('그늘', 'Noun'), ('에서', 'Josa'), ('자라다', 'Verb'), ('식물', 'Noun'), ('에도', 'Josa'), ('사용', 'Noun'), ('이', 'Josa'), ('되다', 'Verb')]",어떻다 사용 하다 하다 종류 그늘 자라다 식물 사용 되다
꽃피우는시간,2022-11-07,2,naver,식물영양제,[],부정,"[('자다', 'Verb'), ('모르다', 'Verb')]",자다 모르다
꽃피우는시간,2022-11-07,2,naver,식물영양제,"['보통', '식물', '사용']",부정,"[('알기', 'Noun'), ('로는', 'Josa'), ('보통', 'Noun'), ('식물', 'Noun'), ('에도', 'Josa'), ('사용', 'Noun'), ('하다', 'Verb'), ('것', 'Noun'), ('도', 'Josa'), ('되다', 'Verb'), ('한', 'Determiner'), ('것', 'Noun'), ('같다', 'Adjective')]",알기 보통 식물 사용 하다 것 되다 한 것 같다
꽃피우는시간,2022-11-07,2,naver,식물영양제,"['사용', '궁']",부정,"[('사용', 'Noun'), ('되다', 'Verb'), ('궁금', 'Noun'), ('하다', 'Verb')]",사용 되다 궁금 하다
꽃피우는시간,2022-11-05,4,naver,식물영양제,[],부정,"[('자다', 'Verb'), ('받다', 'Verb')]",자다 받다
꽃피우는시간,2022-11-05,4,naver,식물영양제,"['효과', '만족']",부정,"[('효과', 'Noun'), ('도', 'Josa'), ('만족스럽다', 'Adjective')]",효과 만족스럽다
꽃피우는시간,2022-11-03,4,naver,식물영양제,"['배송', '누락', '화가', '사악', '친절', '대응', '서비스', '결과', '배송', '일주일', '정도']",부정,"[('배송', 'Noun'), ('이', 'Josa'), ('누락', 'Noun'), ('되어다', 'Verb'), ('화가', 'Noun'), ('사악', 'Noun'), ('나다', 'Verb'), ('하다', 'Verb'), ('친절하다', 'Adjective'), ('대응', 'Noun'), ('해주다', 'Verb'), ('서비스', 'Noun'), ('도', 'Josa'), ('챙기다', 'Verb'), ('진정', 'Noun'), ('결과', 'Noun'), ('적', 'Suffix'), ('으로', 'Josa'), ('전부', 'Noun'), ('배송', 'Noun'), ('받다', 'Verb'), ('일주일', 'Noun'), ('정도', 'Noun'), ('걸리다', 'Verb')]",배송 누락 되어다 화가 사악 나다 하다 친절하다 대응 해주다 서비스 챙기다 진정 결과 적 전부 배송 받다 일주일 정도 걸리다
꽃피우는시간,2022-11-03,4,naver,식물영양제,"['비료', '시간', '안', '태', '고사리', '뿌리', '때깔', '겁', '청청']",부정,"[('비료', 'Noun'), ('를', 'Josa'), ('자다', 'Verb'), ('쓰다', 'Verb'), ('몇', 'Noun'), ('시간', 'Noun'), ('안', 'Noun'), ('에', 'Josa'), ('바로', 'Noun'), ('태', 'Noun'), ('가', 'Josa'), ('나다', 'Verb'), ('고사리', 'Noun'), ('들', 'Suffix'), ('인데', 'Josa'), ('욥', 'Noun'), ('뿌리', 'Noun'), ('니까', 'Josa'), ('때깔', 'Noun'), ('이', 'Josa'), ('겁나다', 'Verb'), ('찌다', 'Verb'), ('반', 'Modifier'), ('질', 'Noun'), ('거리', 'Noun'), ('고', 'Josa'), ('청', 'Noun'), ('청해', 'Noun'), ('지다', 'Verb')]",비료 자다 쓰다 몇 시간 안 바로 태 나다 고사리 들 욥 뿌리 때깔 겁나다 찌다 반 질 거리 청 청해 지다
꽃피우는시간,2022-11-03,4,naver,식물영양제,['효과'],부정,"[('효과', 'Noun'), ('가', 'Josa'), ('확실하다', 'Adjective'), ('있다', 'Adjective')]",효과 확실하다 있다
꽃피우는시간,2022-11-03,4,naver,식물영양제,"['분무기', '성능']",부정,"[('그리고', 'Conjunction'), ('분무기', 'Noun'), ('성능', 'Noun'), ('이', 'Josa'), ('좋다', 'Adjective')]",그리고 분무기 성능 좋다
꽃피우는시간,2022-11-03,4,naver,식물영양제,"['손잡이', '분사', '지속', '재질', '사용']",부정,"[('부드럽다', 'Adjective'), ('손잡이', 'Noun'), ('가', 'Josa'), ('먹어들다', 'Verb'), ('분사', 'Noun'), ('가', 'Josa'), ('길다', 'Adjective'), ('오래', 'Adverb'), ('지속', 'Noun'), ('되다', 'Verb'), ('좋다', 'Adjective'), ('재질', 'Noun'), ('이라', 'Josa'), ('계속', 'Noun'), ('재사용', 'Noun'), ('하다', 'Verb'), ('되다', 'Verb'), ('같다', 'Adjective')]",부드럽다 손잡이 먹어들다 분사 길다 오래 지속 되다 좋다 재질 계속 재사용 하다 되다 같다
꽃피우는시간,2022-11-03,4,naver,식물영양제,"['목초액', '냄새', '절대', '실내', '불가능', '거시기', '창문']",부정,"[('목초액', 'Noun'), ('냄새', 'Noun'), ('는', 'Josa'), ('절대', 'Noun'), ('실내', 'Noun'), ('에서', 'Josa'), ('쓰기', 'Noun'), ('에는', 'Josa'), ('불가능', 'Noun'), ('좀', 'Noun'), ('거', 'Noun'), ('시기하다', 'Adjective'), ('창문', 'Noun'), ('열다', 'Verb'), ('곧', 'Noun'), ('날아가다', 'Verb')]",목초액 냄새 절대 실내 쓰기 불가능 좀 거 시기하다 창문 열다 곧 날아가다
꽃피우는시간,2022-11-03,4,naver,식물영양제,"['캠핑가', '소시지', '냄새', '후기', '미화', '기준', '실내', '베란다', '오케이']",부정,"[('캠핑', 'Noun'), ('가다', 'Verb'), ('소시지', 'Noun'), ('굽다', 'Verb'), ('냄새', 'Noun'), ('라고', 'Josa'), ('하다', 'Verb'), ('후기', 'Noun'), ('도', 'Josa'), ('있다', 'Adjective'), ('미화', 'Noun'), ('가', 'Josa'), ('많이', 'Adverb'), ('된거', 'Noun'), ('같다', 'Adjective'), ('제', 'Noun'), ('기준', 'Noun'), ('많이', 'Adverb'), ('독하다', 'Adjective'), ('실내', 'Noun'), ('에서', 'Josa'), ('쓸다', 'Verb'), ('수', 'Noun'), ('는', 'Josa'), ('없다', 'Adjective'), ('베란다', 'Noun'), ('까지는', 'Josa'), ('오케이', 'Noun')]",캠핑 가다 소시지 굽다 냄새 하다 후기 있다 미화 많이 된거 같다 제 기준 많이 독하다 실내 쓸다 수 없다 베란다 오케이
꽃피우는시간,2022-11-03,4,naver,식물영양제,"['배송', '누락', '화가', '사악', '친절', '대응', '서비스', '뇌절', '회수']",부정,"[('배송', 'Noun'), ('이', 'Josa'), ('누락', 'Noun'), ('되어다', 'Verb'), ('화가', 'Noun'), ('사악', 'Noun'), ('나다', 'Verb'), ('하다', 'Verb'), ('친절하다', 'Adjective'), ('대응', 'Noun'), ('해주다', 'Verb'), ('서비스', 'Noun'), ('도', 'Josa'), ('챙기다', 'Verb'), ('뇌절', 'Noun'), ('회수', 'Noun'), ('하다', 'Verb')]",배송 누락 되어다 화가 사악 나다 하다 친절하다 대응 해주다 서비스 챙기다 뇌절 회수 하다
꽃피우는시간,2022-11-03,4,naver,식물영양제,"['다육식물', '농사', '정', '가을', '물밥', '중요', '시기', '한', '주문']",부정,"[('다육식물', 'Noun'), ('일', 'Modifier'), ('년', 'Noun'), ('농사', 'Noun'), ('결정', 'Noun'), ('짓다', 'Verb'), ('가을', 'Noun'), ('물밥', 'Noun'), ('중요하다', 'Adjective'), ('시기', 'Noun'), ('라', 'Josa'), ('한번', 'Noun'), ('주문', 'Noun'), ('하다', 'Verb'), ('보다', 'Verb')]",다육식물 일 년 농사 결정 짓다 가을 물밥 중요하다 시기 한번 주문 하다 보다
꽃피우는시간,2022-11-03,4,naver,식물영양제,"['냄새', '거시기', '창문']",부정,"[('냄새', 'Noun'), ('는', 'Josa'), ('좀', 'Noun'), ('거', 'Noun'), ('시기하다', 'Adjective'), ('창문', 'Noun'), ('열다', 'Verb'), ('날아가다', 'Verb')]",냄새 좀 거 시기하다 창문 열다 날아가다
꽃피우는시간,2022-10-30,2,naver,식물영양제,"['냄새', '고약']",부정,"[('일단', 'Noun'), ('냄새', 'Noun'), ('가', 'Josa'), ('너무', 'Adverb'), ('고약하다', 'Adjective')]",일단 냄새 너무 고약하다
꽃피우는시간,2022-10-30,2,naver,식물영양제,"['진짜', '거짓말안', '농약', '베란다', '문', '것']",부정,"[('진짜', 'Noun'), ('거짓말', 'Noun'), ('안', 'Noun'), ('하고', 'Josa'), ('농약', 'Noun'), ('뿌리다', 'Verb'), ('줄', 'Noun'), ('그래도', 'Adverb'), ('다', 'Adverb'), ('들다', 'Verb'), ('좋다', 'Adjective'), ('베란다', 'Noun'), ('에', 'Josa'), ('문', 'Noun'), ('열다', 'Verb'), ('뿌리다', 'Verb'), ('두다', 'Verb'), ('하다', 'Verb'), ('좀', 'Noun'), ('더', 'Noun'), ('지나', 'Noun'), ('보다', 'Verb'), ('알다', 'Verb'), ('같다', 'Adjective')]",진짜 거짓말 안 농약 뿌리다 줄 그래도 다 들다 좋다 베란다 문 열다 뿌리다 두다 하다 좀 더 지나 보다 알다 같다
꽃피우는시간,2022-10-25,4,naver,식물영양제,"['효과', '기대']",부정,"[('효과', 'Noun'), ('가', 'Josa'), ('나타나다', 'Verb'), ('일단', 'Noun'), ('기대', 'Noun'), ('해보다', 'Verb')]",효과 나타나다 일단 기대 해보다
꽃피우는시간,2022-10-25,4,naver,식물영양제,['기대'],부정,"[('일단', 'Noun'), ('기대', 'Noun'), ('해보다', 'Verb')]",일단 기대 해보다
꽃피우는시간,2022-10-25,4,naver,식물영양제,"['화분', '흙', '정도', '분무', '사용']",부정,"[('화분', 'Noun'), ('이', 'Josa'), ('많다', 'Adjective'), ('흙', 'Noun'), ('이', 'Josa'), ('푹', 'Noun'), ('젖', 'Noun'), ('을', 'Josa'), ('정도', 'Noun'), ('분', 'Noun'), ('무하', 'Noun'), ('라고', 'Josa'), ('하다', 'Verb'), ('사용', 'Noun'), ('하고', 'Josa'), ('나니', 'Noun'), ('헤프', 'Noun'), ('네', 'Suffix'), ('요', 'Josa')]",화분 많다 흙 푹 젖 정도 분 무하 하다 사용 나니 헤프 네
꽃피우는시간,2022-10-25,4,naver,식물영양제,['효과'],부정,"[('하지만', 'Conjunction'), ('효과', 'Noun'), ('만', 'Josa'), ('나타나다', 'Verb'), ('좋다', 'Adjective')]",하지만 효과 나타나다 좋다
꽃피우는시간,2022-10-06,4,naver,식물영양제,"['냄새', '목초액', '냄새', '집', '그늘']",부정,"[('냄새', 'Noun'), ('는', 'Josa'), ('목초액', 'Noun'), ('냄새', 'Noun'), ('가', 'Josa'), ('나다', 'Verb'), ('집', 'Noun'), ('이', 'Josa'), ('그늘', 'Noun'), ('이', 'Josa'), ('많다', 'Adjective'), ('한번', 'Noun'), ('사보다', 'Verb')]",냄새 목초액 냄새 나다 집 그늘 많다 한번 사보다
꽃피우는시간,2022-10-06,4,naver,식물영양제,"['해', '영양소', '반신반의']",부정,"[('이', 'Noun'), ('게', 'Josa'), ('해', 'Noun'), ('를', 'Josa'), ('받다', 'Verb'), ('얻다', 'Verb'), ('영양소', 'Noun'), ('가', 'Josa'), ('있다', 'Adjective'), ('하다', 'Verb'), ('과연', 'Noun'), ('반신반의', 'Noun'), ('하다', 'Verb'), ('사보다', 'Verb')]",이 해 받다 얻다 영양소 있다 하다 과연 반신반의 하다 사보다
꽃피우는시간,2022-10-06,4,naver,식물영양제,['구매의사'],부정,"[('써다', 'Verb'), ('보고', 'Noun'), ('좋다', 'Adjective'), ('재다', 'Verb'), ('의사', 'Noun'), ('있다', 'Adjective')]",써다 보고 좋다 재다 의사 있다
꽃피우는시간,2022-10-06,4,naver,식물영양제,"['가격', '효과', '말']",부정,"[('가격', 'Noun'), ('이', 'Josa'), ('좀', 'Noun'), ('비싸다', 'Adjective'), ('그만큼', 'Adverb'), ('효과', 'Noun'), ('가', 'Josa'), ('있다', 'Adjective'), ('말', 'Noun'), ('이', 'Suffix'), ('죠', 'Josa')]",가격 좀 비싸다 그만큼 효과 있다 말 이
꽃피우는시간,2022-10-06,4,naver,식물영양제,[],부정,"[('써다', 'Verb'), ('보다', 'Verb'), ('알다', 'Verb'), ('요', 'Noun')]",써다 보다 알다 요
꽃피우는시간,2022-09-29,4,naver,식물영양제,"['날', '지속', '때']",부정,"[('흐리다', 'Verb'), ('날', 'Noun'), ('이', 'Josa'), ('지속', 'Noun'), ('되다', 'Verb'), ('때', 'Noun'), ('뿌리다', 'Verb'), ('있다', 'Adjective')]",흐리다 날 지속 되다 때 뿌리다 있다
꽃피우는시간,2022-09-29,4,naver,식물영양제,"['사용', '데', '냄새', '숨']",부정,"[('사용', 'Noun'), ('이', 'Josa'), ('편하다', 'Adjective'), ('한데', 'Eomi'), ('전', 'Noun'), ('이', 'Noun'), ('냄새', 'Noun'), ('가', 'Josa'), ('살짝', 'Noun'), ('숨', 'Noun'), ('참고', 'Noun'), ('뿌리다', 'Verb'), ('하다', 'Verb')]",사용 편하다 전 이 냄새 살짝 숨 참고 뿌리다 하다
꽃피우는시간,2022-09-28,4,naver,식물영양제,"['식물', '해요성장']",부정,"[('식물', 'Noun'), ('이', 'Josa'), ('살아나다', 'Verb'), ('해', 'Noun'), ('요성', 'Noun'), ('장이', 'Suffix'), ('빠르다', 'Adjective'), ('하다', 'Verb')]",식물 살아나다 해 요성 장이 빠르다 하다
꽃피우는시간,2022-09-23,3,naver,식물영양제,['배송'],부정,"[('배송', 'Noun'), ('빠르다', 'Adjective')]",배송 빠르다
꽃피우는시간,2022-09-23,3,naver,식물영양제,"['향', '독해']",부정,"[('향', 'Noun'), ('이', 'Josa'), ('좀', 'Noun'), ('독해', 'Noun'), ('요', 'Josa')]",향 좀 독해
꽃피우는시간,2022-09-23,3,naver,식물영양제,"['사람', '걱정', '창문', '환기']",부정,"[('사람', 'Noun'), ('이', 'Josa'), ('맡다', 'Verb'), ('되다', 'Verb'), ('건지다', 'Verb'), ('좀', 'Noun'), ('걱정', 'Noun'), ('되다', 'Verb'), ('뿌리다', 'Verb'), ('창문', 'Noun'), ('열다', 'Verb'), ('환기', 'Noun'), ('를', 'Josa'), ('시키다', 'Verb')]",사람 맡다 되다 건지다 좀 걱정 되다 뿌리다 창문 열다 환기 시키다
꽃피우는시간,2022-09-23,3,naver,식물영양제,"['영양제', '식물', '도움', '기대']",부정,"[('영', 'Modifier'), ('양제', 'Noun'), ('가', 'Josa'), ('식물', 'Noun'), ('들', 'Suffix'), ('에게', 'Josa'), ('도움', 'Noun'), ('되다', 'Verb'), ('기대하다', 'Adjective')]",영 양제 식물 들 도움 되다 기대하다
꽃피우는시간,2022-09-19,3,naver,식물영양제,"['영양제', '크길바람']",부정,"[('영', 'Modifier'), ('양제', 'Noun'), ('듬뿍', 'Noun'), ('주다', 'Verb'), ('이쁘다', 'Adjective'), ('크다', 'Verb'), ('바람', 'Noun')]",영 양제 듬뿍 주다 이쁘다 크다 바람
꽃피우는시간,2022-09-15,4,naver,식물영양제,['식물'],부정,"[('식물', 'Noun'), ('들', 'Suffix'), ('이', 'Josa'), ('더', 'Noun'), ('예쁘다', 'Adjective'), ('좋다', 'Adjective')]",식물 들 더 예쁘다 좋다
꽃피우는시간,2022-09-13,4,naver,식물영양제,"['화초', '생기']",부정,"[('화초', 'Noun'), ('에', 'Josa'), ('생기', 'Noun'), ('를', 'Josa'), ('주다', 'Verb'), ('좋다', 'Adjective')]",화초 생기 주다 좋다
꽃피우는시간,2022-09-02,4,naver,식물영양제,"['날씨', '식물', '구입']",부정,"[('날씨', 'Noun'), ('가', 'Josa'), ('너무', 'Adverb'), ('덥다', 'Adjective'), ('인지', 'Noun'), ('식물', 'Noun'), ('이', 'Josa'), ('자꾸', 'Noun'), ('누렇', 'Noun'), ('게', 'Josa'), ('되어다', 'Verb'), ('구입', 'Noun'), ('하다', 'Verb'), ('되어다', 'Verb')]",날씨 너무 덥다 인지 식물 자꾸 누렇 되어다 구입 하다 되어다
꽃피우는시간,2022-09-02,4,naver,식물영양제,"['효과', '영양제']",부정,"[('크다', 'Verb'), ('효과', 'Noun'), ('는', 'Josa'), ('모르다', 'Verb'), ('영', 'Modifier'), ('양제', 'Noun'), ('니까', 'Josa'), ('괜찮다', 'Adjective'), ('것', 'Noun'), ('같다', 'Adjective')]",크다 효과 모르다 영 양제 괜찮다 것 같다
꽃피우는시간,2022-09-01,4,naver,식물영양제,"['배송', '만족']",부정,"[('빠르다', 'Adjective'), ('배송', 'Noun'), ('에', 'Josa'), ('만족하다', 'Adjective')]",빠르다 배송 만족하다
꽃피우는시간,2022-09-01,4,naver,식물영양제,"['식물', '효과']",부정,"[('식물', 'Noun'), ('에', 'Josa'), ('효과', 'Noun'), ('보다', 'Verb'), ('좋다', 'Adjective')]",식물 효과 보다 좋다
꽃피우는시간,2022-09-01,4,naver,식물영양제,"['배송', '만족']",부정,"[('빠르다', 'Adjective'), ('배송', 'Noun'), ('에', 'Josa'), ('만족하다', 'Adjective')]",빠르다 배송 만족하다
꽃피우는시간,2022-09-01,4,naver,식물영양제,"['식물', '효과']",부정,"[('식물', 'Noun'), ('에', 'Josa'), ('효과', 'Noun'), ('보다', 'Verb'), ('좋다', 'Adjective')]",식물 효과 보다 좋다
꽃피우는시간,2022-08-29,4,naver,식물영양제,['효과'],부정,"[('효과', 'Noun'), ('는', 'Josa'), ('있다', 'Adjective'), ('같다', 'Adjective')]",효과 있다 같다
꽃피우는시간,2022-08-29,4,naver,식물영양제,['것'],부정,"[('좀더', 'Noun'), ('써다', 'Verb'), ('보다', 'Verb'), ('알다', 'Verb'), ('같다', 'Adjective')]",좀더 써다 보다 알다 같다
꽃피우는시간,2022-08-25,4,naver,식물영양제,"['식물', '효과']",부정,"[('모든', 'Noun'), ('식물', 'Noun'), ('에', 'Josa'), ('효과', 'Noun'), ('가', 'Josa'), ('좋다', 'Adjective'), ('건', 'Noun'), ('아니다', 'Adjective'), ('같다', 'Adjective')]",모든 식물 효과 좋다 건 아니다 같다
꽃피우는시간,2022-08-25,4,naver,식물영양제,"['잎', '식물', '윤기']",부정,"[('확실하다', 'Adjective'), ('잎', 'Noun'), ('이', 'Josa'), ('두껍다', 'Adjective'), ('매끈하다', 'Adjective'), ('식물', 'Noun'), ('은', 'Josa'), ('더', 'Noun'), ('윤기', 'Noun'), ('가', 'Josa'), ('도', 'Noun'), ('는', 'Josa'), ('것', 'Noun'), ('같다', 'Adjective')]",확실하다 잎 두껍다 매끈하다 식물 더 윤기 도 것 같다
꽃피우는시간,2022-08-25,4,naver,식물영양제,['냄새'],부정,"[('뿌리다', 'Verb'), ('때', 'Noun'), ('냄새', 'Noun'), ('가', 'Josa'), ('좀', 'Noun'), ('심하다', 'Adjective'), ('해', 'Noun'), ('요', 'Josa')]",뿌리다 때 냄새 좀 심하다 해
꽃피우는시간,2022-08-25,4,naver,식물영양제,"['환기', '중일때', '밀폐', '공간', '점', '참고']",부정,"[('환기', 'Noun'), ('중', 'Suffix'), ('일', 'Modifier'), ('땐', 'Noun'), ('괜찮다', 'Adjective'), ('밀폐', 'Noun'), ('되다', 'Verb'), ('공간', 'Noun'), ('에선', 'Josa'), ('좀', 'Noun'), ('참다', 'Verb'), ('야하다', 'Adjective'), ('점', 'Noun'), ('참고', 'Noun'), ('하다', 'Verb')]",환기 중 일 땐 괜찮다 밀폐 되다 공간 좀 참다 야하다 점 참고 하다
꽃피우는시간,2022-08-22,4,naver,식물영양제,"['사용', '식물', '의변화']",부정,"[('한번', 'Noun'), ('사용', 'Noun'), ('해보다', 'Verb'), ('식물', 'Noun'), ('의', 'Josa'), ('변화', 'Noun'), ('를', 'Josa'), ('지켜보다', 'Verb'), ('중', 'Noun'), ('이다', 'Adjective')]",한번 사용 해보다 식물 변화 지켜보다 중 이다
꽃피우는시간,2022-08-20,3,naver,식물영양제,[],부정,"[('아직', 'Adverb'), ('요', 'Noun')]",아직 요
꽃피우는시간,2022-08-20,3,naver,식물영양제,['후기'],부정,"[('후기', 'Noun'), ('가', 'Josa'), ('좋다', 'Adjective'), ('괜찮다', 'Adjective')]",후기 좋다 괜찮다
꽃피우는시간,2022-08-20,3,naver,식물영양제,"['양', '기분', '조']",부정,"[('양', 'Noun'), ('이', 'Josa'), ('제법', 'Noun'), ('많다', 'Adjective'), ('기분', 'Noun'), ('이', 'Josa'), ('조', 'Noun')]",양 제법 많다 기분 조
꽃피우는시간,2022-08-20,3,naver,식물영양제,[],부정,"[('으', 'Adverb'), ('네', 'Determiner'), ('요', 'Noun'), ('잘쓰다', 'Verb')]",으 네 요 잘쓰다
꽃피우는시간,2022-07-30,4,naver,식물영양제,[],부정,"[('금방', 'Noun'), ('다', 'Adverb'), ('써다', 'Verb')]",금방 다 써다
꽃피우는시간,2022-07-30,4,naver,식물영양제,[],부정,"[('헤프', 'Noun'), ('네', 'Suffix'), ('요', 'Josa')]",헤프 네
꽃피우는시간,2022-07-30,4,naver,식물영양제,['식물'],부정,"[('식물', 'Noun'), ('들', 'Suffix'), ('이', 'Josa'), ('많다', 'Adjective')]",식물 들 많다
꽃피우는시간,2022-07-25,4,naver,식물영양제,"['사용전', '효과', '실내', '식물', '사용']",부정,"[('아직', 'Adverb'), ('사용', 'Noun'), ('전이', 'Noun'), ('라', 'Josa'), ('효과', 'Noun'), ('는', 'Josa'), ('자다', 'Verb'), ('모르다', 'Verb'), ('실내', 'Noun'), ('식물', 'Noun'), ('들', 'Suffix'), ('을', 'Josa'), ('위해', 'Noun'), ('사용', 'Noun'), ('해보다', 'Verb')]",아직 사용 전이 효과 자다 모르다 실내 식물 들 위해 사용 해보다
꽃피우는시간,2022-07-23,4,naver,식물영양제,[],부정,"[('아직', 'Adverb'), ('잘', 'VerbPrefix'), ('모르다', 'Verb')]",아직 잘 모르다
꽃피우는시간,2022-07-23,4,naver,식물영양제,[],부정,"[('좋다', 'Adjective'), ('안좋다', 'Adjective')]",좋다 안좋다
꽃피우는시간,2022-07-14,4,naver,식물영양제,"['집안', '식물', '구입']",부정,"[('집안', 'Noun'), ('쪽', 'Noun'), ('에', 'Josa'), ('놓이다', 'Verb'), ('식물', 'Noun'), ('들', 'Suffix'), ('을', 'Josa'), ('위해', 'Noun'), ('구입', 'Noun'), ('하다', 'Verb'), ('쓰다', 'Verb'), ('있다', 'Adjective')]",집안 쪽 놓이다 식물 들 위해 구입 하다 쓰다 있다
꽃피우는시간,2022-07-14,4,naver,식물영양제,"['잎', '달', '후기']",부정,"[('잎', 'Noun'), ('에', 'Josa'), ('뿌리다', 'Verb'), ('있다', 'Adjective'), ('한', 'Determiner'), ('달', 'Noun'), ('써다', 'Verb'), ('보다', 'Verb'), ('후기', 'Noun'), ('는', 'Josa'), ('좋다', 'Adjective'), ('거', 'Noun'), ('같다', 'Adjective')]",잎 뿌리다 있다 한 달 써다 보다 후기 좋다 거 같다
꽃피우는시간,2022-07-14,4,naver,식물영양제,"['해', '키']",부정,"[('해', 'Noun'), ('를', 'Josa'), ('못', 'VerbPrefix'), ('보다', 'Verb'), ('키', 'Noun'), ('만', 'Josa'), ('쑥', 'Noun'), ('자라', 'Noun'), ('지는', 'Josa'), ('않다', 'Verb')]",해 못 보다 키 쑥 자라 않다
꽃피우는시간,2022-07-09,4,naver,식물영양제,"['눈', '효과']",부정,"[('아직', 'Adverb'), ('눈', 'Noun'), ('에', 'Josa'), ('띄다', 'Verb'), ('효과', 'Noun'), ('는', 'Josa'), ('모르다', 'Verb'), ('꾸준하다', 'Adjective'), ('써다', 'Verb'), ('보다', 'Verb')]",아직 눈 띄다 효과 모르다 꾸준하다 써다 보다
꽃피우는시간,2022-07-09,4,naver,식물영양제,"['냄새', '생각']",부정,"[('냄새', 'Noun'), ('는', 'Josa'), ('생각', 'Noun'), ('보다', 'Josa'), ('좀', 'Noun'), ('강하다', 'Adjective')]",냄새 생각 좀 강하다
꽃피우는시간,2022-06-11,4,naver,식물영양제,"['오늘', '처음', '효과']",부정,"[('오늘', 'Noun'), ('받다', 'Verb'), ('처음', 'Noun'), ('써다', 'Verb'), ('보다', 'Verb'), ('효과', 'Noun'), ('는', 'Josa'), ('모르다', 'Verb')]",오늘 받다 처음 써다 보다 효과 모르다
꽃피우는시간,2022-06-11,4,naver,식물영양제,['식물'],부정,"[('열심히', 'Adverb'), ('써다', 'Verb'), ('보고', 'Noun'), ('식물', 'Noun'), ('들', 'Suffix'), ('이', 'Josa'), ('좋아하다', 'Adjective'), ('좋다', 'Adjective')]",열심히 써다 보고 식물 들 좋아하다 좋다
꽃피우는시간,2022-06-11,4,naver,식물영양제,"['배송', '포장']",부정,"[('배송', 'Noun'), ('좋다', 'Adjective'), ('꼼꼼하다', 'Adjective'), ('포장', 'Noun'), ('좋다', 'Adjective')]",배송 좋다 꼼꼼하다 포장 좋다
꽃피우는시간,2022-06-08,3,naver,식물영양제,['효과'],부정,"[('아직', 'Adverb'), ('효과', 'Noun'), ('는', 'Josa'), ('모르다', 'Verb')]",아직 효과 모르다
꽃피우는시간,2022-06-08,3,naver,식물영양제,"['오늘', '처음', '애기', 'ㅎ', 'ㅎ']",부정,"[('오늘', 'Noun'), ('처음', 'Noun'), ('우리', 'Noun'), ('알보', 'Noun'), ('몬스테라', 'Noun'), ('애기', 'Noun'), ('들', 'Suffix'), ('한테', 'Josa'), ('뿌리다', 'Verb'), ('주다', 'Verb'), ('ㅎㅎ', 'KoreanParticle')]",오늘 처음 우리 알보 몬스테라 애기 들 뿌리다 주다 ㅎㅎ
꽃피우는시간,2022-06-03,4,naver,식물영양제,"['냄새', '이상', 'ㅡ']",부정,"[('냄새', 'Noun'), ('가', 'Josa'), ('좀', 'Noun'), ('이상하다', 'Adjective'), ('ㅡㅡ', 'KoreanParticle')]",냄새 좀 이상하다 ㅡㅡ
꽃피우는시간,2022-05-19,4,naver,식물영양제,"['스프레이', '집', '화초', '힘']",부정,"[('스프레이', 'Noun'), ('해주다', 'Verb'), ('집', 'Noun'), ('에', 'Josa'), ('화초', 'Noun'), ('가', 'Josa'), ('힘', 'Noun'), ('이', 'Josa'), ('생기다', 'Verb'), ('보이다', 'Verb')]",스프레이 해주다 집 화초 힘 생기다 보이다
꽃피우는시간,2022-05-19,4,naver,식물영양제,"['눈', '사람']",부정,"[('눈', 'Noun'), ('이', 'Josa'), ('맵다', 'Adjective'), ('사람', 'Noun'), ('한테', 'Josa'), ('늘다', 'Verb'), ('정말', 'Noun'), ('괜찮다', 'Adjective'), ('건지다', 'Verb')]",눈 맵다 사람 늘다 정말 괜찮다 건지다
꽃피우는시간,2022-05-12,3,naver,식물영양제,"['햇빛', '부족', '공간', '만족']",부정,"[('햇빛', 'Noun'), ('이', 'Josa'), ('부족하다', 'Adjective'), ('공간', 'Noun'), ('인데', 'Josa'), ('충분하다', 'Adjective'), ('만족스럽다', 'Adjective')]",햇빛 부족하다 공간 충분하다 만족스럽다
꽃피우는시간,2022-04-27,4,naver,식물영양제,['효과'],부정,"[('효과', 'Noun'), ('가', 'Josa'), ('좋다', 'Adjective'), ('것', 'Noun'), ('같다', 'Adjective')]",효과 좋다 것 같다
꽃피우는시간,2022-04-27,4,naver,식물영양제,['사용'],부정,"[('자다', 'Verb'), ('사용', 'Noun'), ('하다', 'Verb')]",자다 사용 하다
꽃피우는시간,2022-04-24,4,naver,식물영양제,"['냄새', '통풍']",부정,"[('냄새', 'Noun'), ('가', 'Josa'), ('나다', 'Verb'), ('통풍', 'Noun'), ('시키다', 'Verb'), ('주다', 'Verb')]",냄새 나다 통풍 시키다 주다
꽃피우는시간,2023-04-17,4,naver,뿌리영양제,"['기존', '따사로운햇볕', '사용', '효과', '뿌리', '영양', '제', '구매']",부정,"[('기존', 'Noun'), ('에', 'Josa'), ('따다', 'Verb'), ('사', 'Noun'), ('로운', 'Josa'), ('햇볕', 'Noun'), ('사용', 'Noun'), ('하고', 'Josa'), ('효과', 'Noun'), ('가', 'Josa'), ('좋다', 'Adjective'), ('뿌리', 'Noun'), ('영양', 'Noun'), ('제도', 'Noun'), ('구매', 'Noun'), ('하다', 'Verb')]",기존 따다 사 햇볕 사용 효과 좋다 뿌리 영양 제도 구매 하다
꽃피우는시간,2023-04-17,4,naver,뿌리영양제,"['사용', '효과', '기대']",부정,"[('이제', 'Noun'), ('한번', 'Noun'), ('사용', 'Noun'), ('하다', 'Verb'), ('효과', 'Noun'), ('는', 'Josa'), ('기대', 'Noun'), ('중', 'Noun'), ('이다', 'Adjective')]",이제 한번 사용 하다 효과 기대 중 이다
꽃피우는시간,2023-04-17,4,naver,뿌리영양제,"['통', '소량', '계량컵', '한두방울', '불편']",부정,"[('다만', 'Noun'), ('통', 'Noun'), ('에서', 'Josa'), ('소량', 'Noun'), ('계량컵', 'Noun'), ('에', 'Josa'), ('따르다', 'Verb'), ('조심', 'Noun'), ('히', 'Adverb'), ('따르다', 'Verb'), ('꿀럭꿀럭', 'Noun'), ('나오다', 'Verb'), ('한두', 'Modifier'), ('방울', 'Noun'), ('이', 'Josa'), ('계속', 'Noun'), ('흘리다', 'Verb'), ('그게', 'Noun'), ('좀', 'Noun'), ('불편하다', 'Adjective'), ('빼다', 'Verb'), ('좋다', 'Adjective')]",다만 통 소량 계량컵 따르다 조심 히 따르다 꿀럭꿀럭 나오다 한두 방울 계속 흘리다 그게 좀 불편하다 빼다 좋다
꽃피우는시간,2023-04-07,4,naver,식물영양제,"['제품', '추천', '사용']",부정,"[('아직', 'Adverb'), ('안', 'VerbPrefix'), ('써다', 'Verb'), ('보다', 'Verb'), ('좋다', 'Adjective'), ('제품', 'Noun'), ('이라', 'Josa'), ('추천', 'Noun'), ('받다', 'Verb'), ('사용', 'Noun'), ('해보다', 'Verb'), ('렵니', 'Noun'), ('다', 'Josa')]",아직 안 써다 보다 좋다 제품 추천 받다 사용 해보다 렵니
꽃피우는시간,2023-04-06,4,naver,식물영양제,"['물건', '사용', '기간', '식물', '성장', '요', 'ㅎ']",부정,"[('물건', 'Noun'), ('받다', 'Verb'), ('두', 'Determiner'), ('번', 'Noun'), ('사용', 'Noun'), ('해봤다', 'Verb'), ('짧다', 'Adjective'), ('기간', 'Noun'), ('에', 'Josa'), ('식물', 'Noun'), ('들', 'Suffix'), ('이', 'Josa'), ('더', 'Noun'), ('성장하다', 'Adjective'), ('같다', 'Adjective'), ('ㅎ', 'KoreanParticle')]",물건 받다 두 번 사용 해봤다 짧다 기간 식물 들 더 성장하다 같다 ㅎ
꽃피우는시간,2023-04-06,4,naver,식물영양제,['사용'],부정,"[('꾸준하다', 'Adjective'), ('사용', 'Noun'), ('해보다', 'Verb')]",꾸준하다 사용 해보다
꽃피우는시간,2023-04-05,4,naver,식물영양제,"['모', '겟']",부정,"[('자다', 'Verb'), ('모루', 'Noun'), ('겟', 'Noun'), ('어', 'Suffix'), ('요', 'Josa')]",자다 모루 겟 어
꽃피우는시간,2023-04-05,4,naver,식물영양제,[],부정,"[('좋다', 'Adjective'), ('건지다', 'Verb'), ('일단', 'Noun'), ('꾸준하다', 'Adjective'), ('주다', 'Verb')]",좋다 건지다 일단 꾸준하다 주다
꽃피우는시간,2023-04-04,4,naver,식물영양제,"['처음', '구매', '사용', '지금', '변화', '생각']",부정,"[('처음', 'Noun'), ('구매', 'Noun'), ('하다', 'Verb'), ('한번', 'Noun'), ('사용', 'Noun'), ('한지', 'Noun'), ('라', 'Josa'), ('지금', 'Noun'), ('은', 'Josa'), ('어떤', 'Modifier'), ('변화', 'Noun'), ('를', 'Josa'), ('모르다', 'Verb'), ('좋아지다', 'Verb'), ('생각', 'Noun'), ('하다', 'Verb')]",처음 구매 하다 한번 사용 한지 지금 어떤 변화 모르다 좋아지다 생각 하다
꽃피우는시간,2023-04-04,4,naver,식물영양제,"['배송', '뿌리여양제', '구매', '산야초', '구매', '사용', '후기']",부정,"[('배송', 'Noun'), ('은', 'Josa'), ('빨르다', 'Adjective'), ('뿌리', 'Noun'), ('여', 'Josa'), ('양제', 'Noun'), ('함께', 'Adverb'), ('구매', 'Noun'), ('하다', 'Verb'), ('아차', 'Noun'), ('실수', 'Noun'), ('로', 'Josa'), ('한번', 'Noun'), ('에', 'Josa'), ('받다', 'Verb'), ('못', 'VerbPrefix'), ('하다', 'Verb'), ('서운하다', 'Adjective'), ('오기', 'Noun'), ('를', 'Josa'), ('기다리다', 'Verb'), ('알다', 'Verb'), ('산야', 'Noun'), ('초도', 'Noun'), ('함께', 'Adverb'), ('구매', 'Noun'), ('하다', 'Verb'), ('사용', 'Noun'), ('해보다', 'Verb'), ('후기', 'Noun'), ('남다', 'Verb')]",배송 빨르다 뿌리 양제 함께 구매 하다 아차 실수 한번 받다 못 하다 서운하다 오기 기다리다 알다 산야 초도 함께 구매 하다 사용 해보다 후기 남다
꽃피우는시간,2023-04-02,3,naver,식물영양제,['인서굿'],부정,"[('좃', 'Noun'), ('아', 'Josa'), ('요', 'Noun'), ('좋다', 'Adjective'), ('좋다', 'Adjective'), ('굿', 'Noun')]",좃 요 좋다 좋다 굿
꽃피우는시간,2023-03-31,4,naver,식물영양제,['낮'],부정,"[('받다', 'Verb'), ('낮', 'Noun'), ('에', 'Josa'), ('뿌리다', 'Verb'), ('보다', 'Verb')]",받다 낮 뿌리다 보다
꽃피우는시간,2023-03-31,4,naver,식물영양제,"['효과', '기대']",부정,"[('아직', 'Adverb'), ('효과', 'Noun'), ('있다', 'Adjective'), ('모르다', 'Verb'), ('기대', 'Noun'), ('해보다', 'Verb')]",아직 효과 있다 모르다 기대 해보다
꽃피우는시간,2023-03-10,4,naver,식물영양제,"['식물', '건강']",부정,"[('식물', 'Noun'), ('을', 'Josa'), ('튼튼하다', 'Adjective'), ('건강하다', 'Adjective'), ('키우다', 'Verb'), ('보고', 'Noun'), ('싶다', 'Verb')]",식물 튼튼하다 건강하다 키우다 보고 싶다
꽃피우는시간,2023-03-10,4,naver,식물영양제,"['햇볕', '진짜', '햇볕', '효능', '신통방통']",부정,"[('햇볕', 'Noun'), ('을', 'Josa'), ('뿌리다', 'Verb'), ('진짜', 'Noun'), ('햇볕', 'Noun'), ('효능', 'Noun'), ('이', 'Josa'), ('나타나다', 'Verb'), ('통방', 'Noun'), ('통합', 'Noun'), ('니', 'Josa'), ('다', 'Adverb')]",햇볕 뿌리다 진짜 햇볕 효능 나타나다 통방 통합 다
꽃피우는시간,2023-03-10,4,naver,식물영양제,['포장'],부정,"[('포장', 'Noun'), ('이', 'Josa'), ('약하다', 'Adjective')]",포장 약하다
꽃피우는시간,2023-03-10,4,naver,식물영양제,"['흔적', '별', '뺍']",부정,"[('조금', 'Noun'), ('새다', 'Verb'), ('흔적', 'Noun'), ('이', 'Josa'), ('있다', 'Adjective'), ('별하나', 'Noun'), ('빼다', 'Verb')]",조금 새다 흔적 있다 별하나 빼다
꽃피우는시간,2023-03-08,4,naver,식물영양제,"['사용전', '효과', '기대']",부정,"[('아직', 'Adverb'), ('사용', 'Noun'), ('전', 'Noun'), ('이지만', 'Josa'), ('효과', 'Noun'), ('기대하다', 'Adjective'), ('있다', 'Adjective')]",아직 사용 전 효과 기대하다 있다
꽃피우는시간,2023-02-21,4,naver,식물영양제,"['개인', '목초', '액향', '냄새', '거부감']",부정,"[('개인', 'Noun'), ('적', 'Suffix'), ('으로', 'Josa'), ('목초액', 'Noun'), ('향', 'Noun'), ('을', 'Josa'), ('좋아하다', 'Adjective'), ('않다', 'Verb'), ('냄새', 'Noun'), ('는', 'Josa'), ('거부', 'Noun'), ('감', 'Noun'), ('이', 'Josa'), ('없다', 'Adjective')]",개인 적 목초액 향 좋아하다 않다 냄새 거부 감 없다
꽃피우는시간,2023-02-21,4,naver,식물영양제,['초록이'],부정,"[('초록', 'Noun'), ('이', 'Josa'), ('들이다', 'Verb'), ('튼튼하다', 'Adjective'), ('자라다', 'Verb'), ('바라다', 'Verb')]",초록 들이다 튼튼하다 자라다 바라다
꽃피우는시간,2023-02-10,3,naver,식물영양제,"['요즘', '식물', '관심', '식집사']",부정,"[('요즘', 'Noun'), ('식물', 'Noun'), ('에', 'Josa'), ('관심', 'Noun'), ('이', 'Josa'), ('많다', 'Adjective'), ('식', 'Noun'), ('집사', 'Noun'), ('이다', 'Adjective')]",요즘 식물 관심 많다 식 집사 이다
꽃피우는시간,2023-02-10,3,naver,식물영양제,"['식물', '어플', '추천', '구매']",부정,"[('식물', 'Noun'), ('어플', 'Noun'), ('에서', 'Josa'), ('추천', 'Noun'), ('해주다', 'Verb'), ('구매', 'Noun'), ('하다', 'Verb'), ('되어다', 'Verb')]",식물 어플 추천 해주다 구매 하다 되어다
꽃피우는시간,2023-02-10,3,naver,식물영양제,"['택배', '박스', '박스', '택배사', '분', '조심', '택배', '배달', '필요']",부정,"[('그런데', 'Conjunction'), ('택배', 'Noun'), ('박스', 'Noun'), ('에도', 'Josa'), ('적히다', 'Verb'), ('던지다', 'Verb'), ('박스', 'Noun'), ('가', 'Josa'), ('젖다', 'Verb'), ('를', 'Noun'), ('택배', 'Noun'), ('사', 'Noun'), ('분', 'Noun'), ('이', 'Josa'), ('못', 'VerbPrefix'), ('보다', 'Verb'), ('건지다', 'Verb'), ('바쁘다', 'Adjective'), ('그렇다', 'Adjective'), ('모르다', 'Verb'), ('조심', 'Noun'), ('스럽게', 'Josa'), ('택배', 'Noun'), ('배달', 'Noun'), ('하다', 'Verb'), ('필요하다', 'Adjective'), ('같다', 'Adjective')]",그런데 택배 박스 적히다 던지다 박스 젖다 를 택배 사 분 못 보다 건지다 바쁘다 그렇다 모르다 조심 택배 배달 하다 필요하다 같다
꽃피우는시간,2023-02-10,3,naver,식물영양제,"['판매', '업체', '리필', '위', '씌링', '뚜껑', '안쪽', '포장', '필요']",부정,"[('그게', 'Noun'), ('어렵다', 'Adjective'), ('판매', 'Noun'), ('업체', 'Noun'), ('쪽', 'Noun'), ('에서', 'Josa'), ('리필', 'Noun'), ('위', 'Noun'), ('에', 'Josa'), ('씌링', 'Noun'), ('을', 'Josa'), ('씌우다', 'Verb'), ('뚜껑', 'Noun'), ('안쪽', 'Noun'), ('에', 'Josa'), ('꼼꼼하다', 'Adjective'), ('포장', 'Noun'), ('이', 'Josa'), ('필요하다', 'Adjective'), ('같다', 'Adjective')]",그게 어렵다 판매 업체 쪽 리필 위 씌링 씌우다 뚜껑 안쪽 꼼꼼하다 포장 필요하다 같다
꽃피우는시간,2023-02-10,3,naver,식물영양제,['기분'],부정,"[('얼마나', 'Noun'), ('흘리다', 'Verb'), ('자다', 'Verb'), ('모르다', 'Verb'), ('썩', 'Noun'), ('기분', 'Noun'), ('은', 'Josa'), ('좋다', 'Adjective'), ('않다', 'Verb')]",얼마나 흘리다 자다 모르다 썩 기분 좋다 않다
꽃피우는시간,2023-02-10,3,naver,식물영양제,"['참고', '구매']",부정,"[('참고', 'Noun'), ('하다', 'Verb'), ('구매', 'Noun'), ('하다', 'Verb')]",참고 하다 구매 하다
